,Temperature,Humidity,PM2.5,PM10,NO2,SO2,CO,Proximity_to_Industrial_Areas,Population_Density,Air Quality
0,1,0,0,0,0,1,1,0,0,2
1,1,1,0,0,1,1,1,0,2,2
2,0,1,1,1,1,1,1,0,2,2
4,0,1,0,0,0,0,0,2,0,0
7,1,0,0,0,1,2,1,0,1,2
9,1,2,0,1,2,2,1,0,1,3
10,0,1,0,0,0,0,0,2,1,0
11,1,0,0,0,0,2,1,0,1,2
12,0,0,0,0,1,0,0,1,1,0
13,1,0,1,1,1,0,0,2,1,0
15,1,2,1,1,1,1,1,1,1,2
18,2,0,0,0,1,1,1,0,1,2
22,0,0,0,0,1,0,0,1,1,0
23,0,0,0,0,1,0,0,2,1,0
25,0,0,0,0,0,0,0,2,0,0
26,1,1,0,0,0,0,0,1,0,0
27,2,1,0,0,2,0,2,0,2,3
28,1,1,0,0,0,0,0,1,1,0
34,0,2,0,0,0,0,0,2,1,0
36,1,2,1,1,0,0,0,2,1,0
37,1,1,0,1,1,0,1,2,1,0
38,0,0,0,0,1,0,0,1,1,0
43,0,1,0,1,1,2,1,0,1,3
44,1,1,0,0,1,2,1,1,2,2
47,0,2,0,0,0,0,0,2,1,0
48,0,1,0,0,0,0,0,1,0,0
52,1,1,0,0,1,2,1,0,1,2
56,1,1,1,1,1,2,1,1,2,2
58,0,2,1,1,1,0,1,1,1,2
63,0,0,0,0,0,0,0,2,2,0
64,1,1,0,0,1,0,0,2,0,0
69,1,1,2,1,1,1,1,1,2,2
70,0,1,0,0,0,0,0,1,1,0
71,0,1,0,1,1,1,1,1,1,2
73,0,1,0,0,0,0,0,1,0,0
75,0,2,0,0,1,1,1,1,2,2
76,0,1,1,1,2,2,1,0,0,2
80,1,0,0,0,1,0,0,2,1,0
86,2,1,1,1,2,1,2,0,1,3
88,0,1,1,1,0,0,0,2,0,0
90,0,0,0,0,1,0,0,2,2,0
95,1,2,0,0,1,2,2,0,2,3
96,2,1,0,0,1,2,1,0,1,2
97,1,0,0,0,2,1,1,1,1,2
98,0,0,0,0,0,1,0,1,1,0
101,0,1,1,1,0,0,1,0,1,2
109,0,1,1,0,0,0,0,2,0,0
110,2,0,2,2,0,1,1,0,2,2
112,0,0,0,0,0,1,0,1,0,0
113,1,1,1,1,2,1,1,1,1,2
115,0,1,0,0,0,1,0,2,0,0
117,0,0,0,1,2,2,2,0,2,3
120,0,0,2,2,1,1,1,0,1,2
121,0,0,0,0,0,0,0,2,1,0
122,1,1,0,0,1,0,1,1,0,2
124,1,1,1,1,1,1,1,0,0,2
125,1,0,0,0,2,1,1,1,1,2
126,1,2,0,0,1,0,1,0,2,2
127,0,1,0,0,1,1,0,2,0,0
128,1,2,0,1,1,1,1,0,0,2
130,1,1,0,0,1,1,1,1,2,2
131,1,2,0,0,1,1,1,0,1,2
132,1,2,0,0,1,0,1,0,0,2
133,0,1,0,0,0,1,0,1,1,0
134,1,2,0,0,2,1,1,0,2,2
135,1,2,1,1,0,1,1,0,1,2
138,0,0,0,1,1,2,1,0,2,2
139,2,1,1,1,0,2,1,0,2,2
140,1,1,1,1,1,0,0,2,0,0
141,1,0,0,0,1,0,1,2,0,2
142,0,1,0,0,1,0,0,2,0,0
143,1,2,0,0,0,1,1,0,1,2
144,1,1,0,0,1,1,1,0,0,2
148,1,1,1,1,0,0,0,2,0,0
152,1,1,0,0,1,1,1,0,2,2
153,1,0,0,0,1,2,2,1,1,2
155,1,1,0,0,1,1,1,0,0,2
156,2,2,1,2,1,1,1,0,2,2
158,1,2,0,0,2,1,1,1,1,2
161,1,2,1,1,1,0,1,0,2,2
164,2,2,2,2,1,1,1,1,2,2
168,1,0,1,1,2,1,1,1,2,2
170,0,0,1,1,1,1,0,2,0,0
171,1,2,0,0,2,2,1,1,0,2
172,1,1,0,0,0,1,0,2,1,0
175,0,0,1,1,1,1,0,0,2,2
177,1,2,0,0,2,2,1,0,1,3
182,1,1,2,2,2,1,2,0,1,3
184,1,0,2,2,1,0,1,0,0,2
185,0,1,0,0,1,0,0,2,0,0
187,1,1,0,1,1,0,1,0,0,2
193,1,2,2,2,1,1,1,0,1,2
194,2,2,1,1,1,1,1,0,2,2
195,1,0,2,2,1,1,0,1,1,2
196,0,1,0,0,0,0,0,2,0,0
197,1,1,1,1,1,1,1,2,2,2
199,1,0,0,1,0,1,1,0,1,2
200,0,0,0,0,1,1,0,2,1,0
201,0,2,1,1,1,1,2,1,2,2
202,1,1,0,0,0,0,0,2,2,0
203,0,1,0,0,0,0,0,2,0,0
207,1,1,1,1,1,0,1,0,1,2
209,1,0,1,1,1,1,1,0,1,2
210,1,2,1,1,2,1,1,0,2,2
211,0,0,0,0,0,0,0,2,1,0
215,1,1,0,0,2,2,1,0,0,2
218,1,0,0,0,1,1,2,0,1,2
221,1,0,0,0,1,0,0,2,1,0
222,1,0,0,0,0,0,0,2,1,0
223,0,0,1,0,1,1,0,2,0,0
225,1,0,0,0,0,0,2,1,1,2
227,2,2,0,0,2,1,2,0,1,2
228,0,0,0,0,1,0,0,1,1,0
233,1,1,0,0,1,0,2,0,0,2
241,0,2,1,1,2,1,1,0,1,2
242,0,0,0,0,0,0,0,2,0,0
243,0,0,1,1,2,1,1,1,1,2
244,0,0,0,0,0,0,0,2,1,0
247,1,2,0,0,2,2,1,0,0,2
248,0,1,0,0,1,0,0,2,0,0
250,2,2,0,0,2,1,0,0,1,2
251,2,0,0,0,2,0,1,0,0,2
253,1,1,0,0,0,0,0,1,0,0
255,0,0,0,0,0,0,0,2,1,0
257,2,1,0,0,1,1,1,0,2,2
259,2,0,0,0,1,2,1,1,2,2
260,1,1,0,1,0,1,1,1,0,2
268,0,1,1,1,1,1,1,0,2,2
270,1,1,0,0,1,0,0,2,2,0
273,1,1,0,0,1,0,1,1,1,2
274,1,0,0,0,1,1,1,0,2,2
276,1,2,0,0,0,1,1,0,1,2
277,0,0,1,1,1,0,0,2,0,0
278,2,2,1,1,1,1,1,1,2,2
280,0,0,0,1,0,0,0,2,1,0
283,2,2,1,1,1,2,1,0,2,2
284,1,1,1,1,1,1,0,0,0,2
285,1,0,0,0,0,1,1,0,2,2
286,1,0,0,0,0,0,0,2,0,0
288,1,0,0,0,0,0,1,0,2,2
290,1,1,1,1,2,1,1,0,0,2
295,0,0,0,0,1,0,0,2,0,0
296,0,1,0,0,1,0,0,2,0,0
297,1,1,0,1,1,0,1,1,1,2
300,0,0,0,0,0,1,0,2,1,0
301,0,1,0,0,1,0,0,2,0,0
302,0,1,0,0,0,0,0,2,1,0
303,0,0,1,1,0,0,0,2,0,0
308,0,1,0,0,0,1,0,2,0,0
309,0,1,1,1,0,0,0,1,0,0
310,0,1,0,0,1,0,0,2,0,0
312,1,2,0,0,2,1,1,1,1,2
314,1,2,0,0,1,1,1,1,2,2
315,0,2,0,0,1,0,0,1,0,0
316,1,1,0,0,1,2,1,2,1,2
319,0,0,0,0,0,1,0,2,1,0
322,1,0,2,2,0,1,1,1,0,2
323,1,1,0,1,1,1,1,0,0,2
326,1,1,1,1,1,2,1,1,1,2
327,1,2,0,0,1,1,0,0,1,2
328,0,1,0,0,1,0,0,2,0,0
329,2,1,0,1,1,2,2,1,1,3
331,0,1,0,0,1,0,0,2,1,0
332,0,0,0,0,0,1,0,2,1,0
335,1,1,1,1,2,0,1,0,1,2
336,0,0,0,0,1,0,0,1,2,0
337,2,2,0,0,1,2,1,0,2,2
342,1,1,0,0,0,0,0,2,1,0
349,0,2,0,0,1,0,0,2,0,0
352,2,1,0,0,1,1,1,0,1,2
354,1,0,0,0,2,1,2,1,2,2
360,0,1,0,0,0,0,0,2,0,0
361,1,2,0,0,1,1,1,1,0,2
363,0,0,1,1,1,1,0,2,0,0
364,1,0,0,0,1,0,0,1,0,0
367,0,0,0,0,0,0,1,0,2,2
369,0,0,0,0,1,0,0,2,0,0
370,2,0,0,1,0,1,1,0,0,2
372,0,0,0,0,1,2,2,1,2,2
373,2,0,0,1,1,2,2,0,2,3
374,1,1,0,0,1,1,1,0,1,2
376,1,1,0,0,1,0,1,0,1,2
377,1,1,0,1,1,1,1,0,1,2
379,2,2,1,1,1,1,0,1,1,2
382,0,0,0,0,0,1,1,0,0,2
383,1,1,1,1,1,0,1,0,1,2
385,1,2,1,1,0,1,1,2,0,2
386,1,2,0,0,1,2,1,0,0,2
388,1,0,0,0,0,0,0,2,0,0
392,1,1,1,1,2,1,2,2,1,3
395,0,0,0,0,0,1,0,2,2,0
396,0,0,0,0,0,1,0,2,1,0
397,1,1,0,0,1,2,1,0,2,3
399,2,1,1,1,1,2,1,1,1,2
400,1,0,0,0,1,1,0,2,1,0
402,1,0,1,1,0,1,1,1,2,2
406,1,0,1,1,1,1,1,0,1,2
408,0,0,0,0,1,0,0,2,0,0
411,2,0,0,0,1,1,1,0,1,2
412,2,1,0,0,1,2,1,0,0,2
414,2,2,0,1,2,2,2,0,1,3
415,0,0,0,1,1,1,1,1,0,2
416,1,0,0,0,1,0,0,2,0,0
417,1,0,0,0,2,1,2,0,2,2
420,1,2,1,1,1,1,1,0,1,2
422,0,1,0,0,0,0,0,2,1,0
429,1,1,0,1,1,0,1,2,1,2
430,1,0,0,0,1,1,1,0,0,2
433,1,1,0,0,2,2,1,0,2,3
435,0,0,2,2,0,1,0,2,1,0
436,1,1,0,0,1,1,1,0,1,2
438,1,0,0,0,0,0,0,2,0,0
439,1,1,1,1,1,1,1,1,1,2
440,1,1,2,2,1,1,1,1,1,2
443,0,0,0,0,1,1,0,1,0,0
449,1,1,0,0,1,0,0,2,0,0
450,2,2,2,2,1,1,1,0,0,2
451,0,0,1,1,0,0,0,2,0,0
454,1,1,0,0,0,0,0,2,0,0
459,0,1,0,0,0,0,0,2,0,0
460,1,0,1,1,1,1,1,0,2,2
463,1,1,2,2,1,2,1,0,1,2
466,1,0,0,0,1,1,1,1,2,2
468,1,0,2,2,0,0,0,1,0,0
469,2,1,0,0,1,0,1,0,1,2
470,1,1,0,0,1,1,0,2,1,0
471,2,1,0,0,1,1,1,0,1,2
473,0,1,0,0,1,0,0,2,0,0
475,0,1,0,1,2,2,1,0,2,2
476,0,0,0,0,1,0,0,2,1,0
481,0,1,0,0,0,0,0,2,0,0
482,2,0,1,1,1,1,0,1,1,2
485,1,1,1,1,0,0,1,0,1,2
486,1,1,0,0,0,1,1,2,0,2
487,1,2,0,0,1,2,1,0,2,2
488,1,2,2,2,2,2,2,0,0,3
490,0,0,0,0,1,0,0,2,1,0
491,0,1,0,1,0,1,2,0,0,2
492,1,1,0,0,1,0,1,0,2,3
493,0,0,0,0,1,0,0,2,0,0
495,0,0,1,1,0,0,0,2,0,0
497,1,0,1,1,2,2,2,0,1,3
498,2,2,1,2,2,2,1,0,1,3
499,2,2,1,1,2,1,2,0,0,3
500,0,0,1,2,1,1,0,0,1,2
502,1,1,0,0,1,0,0,2,2,0
503,0,1,0,0,0,1,1,0,1,2
505,2,0,1,1,1,2,1,1,2,2
506,1,0,0,0,0,0,0,2,0,0
510,1,0,1,1,1,1,1,0,1,2
511,0,0,0,0,1,0,0,1,1,0
514,0,2,0,0,0,0,0,1,0,0
515,0,2,1,1,0,1,1,1,1,2
516,0,1,0,0,1,0,0,2,0,0
518,0,1,0,1,1,2,2,0,1,2
521,0,0,0,0,0,0,0,1,0,0
522,1,2,0,0,2,1,2,0,1,3
523,1,2,0,1,1,1,0,0,1,2
524,1,0,0,0,1,0,0,2,1,0
526,1,1,1,1,1,1,1,1,0,2
528,2,2,0,0,1,2,1,1,0,2
531,0,1,0,0,1,1,0,2,1,0
532,0,1,0,0,1,0,0,2,1,0
535,2,2,1,1,2,1,1,0,1,2
536,0,1,0,0,0,0,0,2,1,0
537,0,1,0,1,2,2,1,0,0,2
538,1,2,1,1,1,1,2,0,1,3
540,0,1,1,1,0,0,0,1,0,0
541,2,0,1,1,1,2,1,0,1,2
542,0,2,1,2,0,1,1,1,1,2
543,1,2,0,1,1,2,1,0,0,2
544,0,1,1,1,0,2,1,0,2,2
550,2,2,0,1,1,2,1,0,0,3
551,0,1,0,0,2,1,1,0,2,2
552,1,2,1,1,2,1,1,0,2,3
553,0,2,0,0,1,0,2,0,1,2
555,0,0,0,0,0,0,0,2,0,0
556,2,1,0,0,1,2,2,0,2,3
557,1,2,0,1,1,2,1,0,1,3
558,1,1,0,0,0,1,0,2,0,0
559,1,2,0,1,1,1,1,0,2,2
561,2,1,1,2,0,1,2,0,1,2
563,0,1,0,0,1,1,0,2,0,0
568,1,0,1,1,0,0,0,1,1,0
569,1,1,0,1,1,1,1,2,1,2
570,0,1,0,0,0,0,0,2,0,0
573,1,0,0,0,1,1,1,1,1,2
574,0,0,0,0,1,1,1,1,1,2
575,2,2,0,0,1,2,1,0,1,2
578,1,1,0,0,2,1,1,1,2,2
579,1,0,0,0,0,0,0,0,2,2
580,0,2,0,0,1,0,0,2,2,0
581,0,1,0,1,1,1,1,0,0,2
584,0,1,0,1,2,1,0,1,0,2
586,1,2,0,0,2,2,1,0,1,2
587,2,1,0,0,0,0,0,2,0,0
592,2,0,0,0,1,1,1,2,2,2
593,1,1,0,0,1,1,1,0,1,2
594,2,1,1,0,1,2,2,0,1,3
595,0,1,0,0,0,0,0,2,1,0
597,1,1,0,0,2,0,2,0,1,2
598,2,2,0,0,2,1,1,0,1,2
599,1,2,1,1,2,2,1,0,1,2
600,2,2,0,1,1,1,2,0,2,3
601,1,1,2,2,1,2,1,0,0,2
602,1,2,0,1,0,1,1,1,1,2
604,0,1,1,1,0,1,1,0,0,2
608,1,1,1,1,1,2,1,1,2,2
609,0,0,0,0,0,0,0,2,0,0
610,0,1,0,0,0,0,0,1,1,0
611,1,0,0,0,1,0,1,0,2,2
614,1,2,1,1,2,1,1,0,0,2
615,2,2,0,0,1,2,1,0,0,2
616,1,2,0,0,0,2,0,0,1,2
617,1,1,0,0,0,2,1,0,2,2
619,1,1,1,1,0,1,0,0,2,2
620,0,1,0,0,1,1,1,0,1,2
621,0,2,2,2,1,1,1,1,0,2
623,0,1,0,0,1,1,1,0,2,2
626,1,2,0,0,2,2,2,0,0,3
628,1,1,1,1,2,1,1,0,1,2
630,1,1,2,2,1,1,1,0,1,3
633,0,1,0,0,1,0,0,2,1,0
634,1,2,0,0,0,0,1,1,0,2
635,1,1,0,0,0,0,0,2,1,0
636,0,1,2,2,0,1,0,2,0,0
638,2,2,0,1,2,1,2,0,2,3
640,1,1,0,0,2,1,1,2,1,3
641,0,1,0,0,1,1,0,2,0,0
642,1,2,1,1,0,1,1,0,1,2
645,1,2,0,1,2,2,1,2,0,2
646,0,1,0,0,1,0,0,2,0,0
647,1,1,0,0,1,1,0,2,1,0
648,1,1,1,1,1,2,2,0,1,3
649,2,2,1,1,0,1,2,0,2,2
650,1,1,0,0,1,1,1,0,1,2
653,0,0,0,0,0,0,0,2,2,0
655,1,1,0,1,0,1,1,0,0,2
657,1,1,0,0,1,1,1,0,0,2
658,1,2,0,1,2,1,1,0,1,2
660,0,1,1,1,1,0,0,2,0,0
664,0,0,0,0,0,1,0,2,1,0
665,0,1,0,0,0,1,0,2,0,0
666,1,2,1,1,2,0,1,0,1,2
671,1,1,0,0,0,0,0,2,0,0
672,0,0,1,1,0,1,1,1,0,2
673,1,0,0,1,1,1,1,0,2,2
674,1,0,0,0,0,0,1,2,0,0
675,1,1,0,0,0,0,0,2,1,0
676,1,1,1,1,1,0,1,1,1,2
677,2,0,0,0,2,1,2,1,0,2
679,2,1,1,2,1,1,1,0,0,2
680,0,0,0,0,1,1,0,2,1,0
683,1,1,0,0,1,0,1,0,1,2
684,1,2,0,0,1,1,1,1,2,2
685,0,1,0,0,0,1,0,1,0,0
687,0,1,1,2,1,1,1,0,0,2
689,0,1,0,0,1,0,0,2,1,0
690,2,1,1,1,1,2,1,0,1,3
692,1,1,0,0,0,1,1,1,1,2
695,0,0,0,0,0,0,0,2,0,0
696,1,2,0,0,0,2,1,0,2,2
698,0,0,0,0,1,0,1,0,1,2
702,0,2,0,0,2,1,1,0,2,2
703,1,1,0,0,1,0,1,0,1,3
704,0,1,0,0,0,0,0,2,1,0
705,0,0,0,0,0,0,0,2,0,0
709,0,0,0,0,1,0,0,2,0,0
710,0,0,1,1,0,0,0,1,0,0
711,1,1,1,1,2,1,1,1,1,2
713,1,2,0,0,2,1,2,0,1,3
714,1,1,0,0,1,1,1,1,1,2
715,1,2,0,0,0,2,0,0,0,2
716,0,0,0,0,1,0,0,2,1,0
718,0,1,0,0,1,0,0,2,2,0
720,1,1,0,1,1,1,1,0,1,2
722,1,1,2,2,1,2,1,0,1,2
723,2,1,2,2,1,1,2,0,2,3
724,1,2,0,0,1,2,1,1,0,2
726,1,2,1,1,2,2,2,0,1,3
727,1,1,1,1,0,2,1,1,2,2
728,1,0,0,0,0,0,0,2,0,0
729,0,1,0,0,0,0,0,2,0,0
730,2,2,0,0,2,1,1,0,0,2
733,1,2,0,0,2,1,1,1,2,2
734,0,0,0,0,1,0,0,2,1,0
735,0,1,1,1,0,0,0,2,0,0
737,1,1,0,0,0,1,1,1,0,2
738,2,1,2,2,2,1,1,0,1,2
739,1,1,0,0,1,1,0,2,1,0
740,1,0,0,0,1,1,1,1,2,2
743,1,0,2,2,1,1,1,0,2,2
744,1,1,0,1,2,1,2,0,1,3
745,1,1,0,0,1,1,1,0,0,2
747,1,2,0,1,1,0,1,1,2,2
748,1,0,0,0,0,0,0,2,1,0
750,0,0,0,0,0,0,0,2,0,0
753,0,1,0,0,2,1,1,1,1,2
758,0,2,0,0,1,2,1,0,0,2
762,1,1,0,0,0,0,1,2,1,2
764,0,1,0,0,1,1,0,2,1,0
765,0,0,0,0,0,0,0,2,0,0
766,2,1,1,1,1,1,1,0,1,3
767,1,2,0,0,1,1,1,1,2,2
769,1,1,0,0,2,1,1,0,2,2
771,1,0,0,0,0,0,0,2,0,0
773,1,2,1,1,0,2,1,0,2,2
775,1,1,1,1,0,0,0,2,0,0
777,1,1,0,0,1,1,1,1,1,2
778,0,1,0,0,1,0,0,2,0,0
779,0,2,0,0,1,0,1,0,1,2
782,1,0,0,1,1,2,1,0,0,2
783,1,2,0,1,2,2,1,0,1,2
786,1,2,0,1,1,2,0,1,1,2
789,1,2,1,1,1,0,1,0,1,2
790,2,1,0,1,0,0,1,0,2,3
791,1,2,2,2,0,0,1,0,2,3
792,0,2,0,0,0,0,0,2,1,0
793,1,2,1,1,1,1,2,0,2,1
795,1,0,0,0,1,0,0,2,1,0
798,2,0,0,0,0,0,0,1,0,0
801,1,2,1,1,0,1,1,1,0,2
802,1,0,0,0,2,0,1,0,1,2
803,0,1,1,1,1,0,0,2,0,0
808,1,1,1,1,1,1,1,0,2,2
810,1,0,0,0,1,1,1,0,1,2
812,0,0,0,0,0,0,0,2,1,0
813,1,2,1,1,0,1,1,1,1,2
814,1,0,0,0,0,0,0,1,1,0
815,1,0,0,0,0,0,0,0,0,2
816,0,0,0,0,1,1,0,2,0,0
817,1,1,0,1,2,2,2,0,2,3
819,0,1,0,0,0,0,0,2,1,0
823,1,0,2,2,0,2,1,0,2,2
827,0,0,0,0,0,1,0,2,0,0
828,1,2,0,0,1,1,1,1,2,2
830,0,0,0,0,1,1,0,2,1,0
831,0,0,1,1,0,1,0,2,2,0
832,0,0,1,1,0,0,0,1,0,0
833,1,0,0,0,0,1,0,2,1,0
839,0,0,0,0,0,0,0,2,1,0
840,2,2,0,0,2,2,2,0,2,3
841,1,1,2,2,1,1,1,2,0,2
842,0,0,0,0,0,0,0,2,0,0
844,0,2,1,1,1,0,0,2,0,0
846,0,1,1,1,0,0,0,2,1,0
847,0,2,1,2,1,0,1,0,1,2
849,0,2,1,1,2,1,1,1,1,2
850,2,2,0,0,1,2,1,0,0,2
854,1,0,1,1,1,1,0,0,0,2
858,1,0,0,0,1,1,1,0,0,2
859,0,2,0,0,0,1,0,2,0,0
861,2,1,0,0,1,0,1,0,1,2
862,1,0,0,1,0,0,1,0,2,2
864,1,0,0,0,1,0,0,2,0,0
867,1,0,0,0,1,1,1,1,1,2
868,1,1,0,0,0,1,0,2,1,0
871,1,2,0,0,0,1,1,1,1,2
872,2,2,2,2,0,2,2,0,1,3
876,1,1,0,0,0,1,0,2,2,0
879,2,2,0,1,2,2,2,1,1,3
880,1,1,2,2,2,2,2,0,0,3
881,1,0,0,0,1,1,2,1,0,2
886,2,2,1,1,0,1,1,0,0,2
888,1,1,0,1,1,1,1,1,1,2
890,2,0,0,0,0,0,0,2,1,0
891,0,0,0,0,0,0,0,2,2,0
892,2,1,0,1,2,1,2,0,2,3
893,1,1,0,0,1,1,1,0,1,2
894,1,1,0,0,0,1,1,0,0,2
896,0,1,1,1,1,0,0,2,0,0
899,1,0,1,1,0,0,0,2,0,0
900,1,0,0,0,0,1,0,2,0,0
902,0,0,0,0,1,0,0,2,0,0
904,2,2,1,1,2,0,1,1,1,2
905,0,2,2,2,2,2,2,0,1,3
906,1,2,0,0,2,2,2,0,0,3
907,0,2,1,1,2,2,0,1,1,2
908,2,2,0,1,2,2,2,0,2,3
909,1,2,0,0,1,2,2,1,0,2
910,1,2,0,1,2,2,2,0,2,3
911,1,1,0,0,1,1,0,2,1,0
917,1,0,0,0,1,0,0,0,0,2
919,1,1,0,0,1,1,1,1,2,2
924,2,2,0,1,1,1,2,0,2,2
925,1,2,1,1,1,1,1,0,0,2
927,1,1,0,0,2,1,1,0,2,2
928,0,2,0,0,0,1,0,2,1,0
929,1,2,0,1,0,2,1,0,2,3
930,1,2,0,0,2,1,1,2,1,2
931,0,1,0,0,0,0,0,2,0,0
932,0,0,2,2,2,1,2,0,1,2
933,0,0,1,1,0,0,0,2,0,0
935,0,0,0,0,1,0,0,2,0,0
936,2,0,0,0,0,1,1,0,2,2
937,0,2,0,0,0,0,0,2,1,0
939,1,0,0,0,1,1,1,2,0,2
940,1,2,0,0,0,0,0,2,0,0
941,1,0,1,1,0,0,0,1,1,0
945,1,1,0,1,1,1,1,1,1,2
946,0,0,0,0,0,0,1,1,0,2
947,0,0,0,0,1,0,0,2,2,0
949,0,1,0,0,1,0,0,2,1,0
951,0,1,1,1,1,0,0,2,2,0
953,0,0,0,0,0,0,0,2,0,0
956,0,0,2,2,2,0,1,0,0,2
957,0,1,0,0,1,1,0,2,0,0
961,2,1,0,0,1,1,2,0,2,2
964,2,1,0,0,1,0,1,1,2,2
969,0,1,0,0,1,1,1,2,2,2
973,1,2,0,0,1,0,1,1,1,2
974,1,2,0,0,1,2,1,0,2,2
979,1,1,2,2,2,1,1,0,1,3
980,2,2,1,1,2,2,2,0,2,3
982,1,2,0,0,0,1,1,1,1,2
984,2,0,0,1,1,1,0,0,2,2
987,1,1,0,0,1,0,0,1,0,0
988,0,1,0,0,1,0,0,2,1,0
989,1,1,0,0,0,1,1,1,0,2
990,2,2,2,2,0,2,2,0,1,3
992,1,0,0,0,1,1,1,0,0,2
993,0,1,1,1,0,0,0,2,1,0
997,1,1,0,0,0,2,2,1,0,2
998,1,2,2,2,0,1,1,1,2,2
999,0,0,0,0,0,1,0,2,1,0
1000,1,1,0,0,0,2,1,0,2,2
1002,0,1,0,0,0,0,0,2,0,0
1004,2,0,0,1,0,2,1,1,1,2
1007,2,2,0,0,0,2,1,1,2,2
1008,1,1,0,0,2,0,1,0,1,2
1013,1,1,0,0,0,0,0,2,1,0
1017,1,1,0,0,0,0,0,1,0,0
1018,1,2,0,0,0,1,0,2,1,0
1019,1,1,1,1,1,1,1,0,2,2
1021,1,0,0,0,1,1,1,1,2,2
1023,0,0,0,0,1,0,0,2,0,0
1026,1,0,1,1,2,1,1,1,2,2
1028,2,0,2,2,1,2,1,1,1,2
1029,1,1,0,1,1,1,1,1,1,2
1030,2,1,1,1,0,1,1,0,1,2
1031,1,1,0,0,1,1,1,1,1,2
1032,0,2,1,1,2,2,1,0,1,2
1033,1,0,0,0,1,1,1,0,0,2
1037,0,1,1,1,2,2,1,1,0,2
1038,1,1,0,0,0,0,0,2,0,0
1039,1,0,1,1,1,0,0,2,0,0
1040,0,0,0,0,0,0,0,1,0,0
1041,0,1,0,0,1,0,0,2,0,0
1042,2,2,2,2,1,0,1,0,1,2
1044,1,1,0,1,2,1,1,0,0,2
1045,1,1,0,0,0,1,0,2,1,0
1046,0,1,1,1,1,0,1,0,1,2
1047,2,0,2,2,0,1,1,0,1,2
1049,1,1,0,0,0,0,0,2,1,0
1051,1,1,0,0,1,0,0,2,1,0
1052,1,1,0,0,0,1,0,2,0,0
1058,2,0,1,2,1,1,2,0,1,3
1060,2,0,0,1,1,2,1,0,0,2
1062,2,1,0,0,2,1,0,1,2,2
1063,2,1,1,1,1,1,1,0,0,2
1064,0,1,0,0,0,0,0,2,0,0
1068,0,1,0,0,0,1,0,2,1,0
1071,1,2,2,2,1,1,1,1,0,2
1072,0,1,0,0,0,1,1,2,1,2
1073,1,0,0,0,0,0,0,2,0,0
1075,1,1,0,0,0,0,0,1,0,0
1076,0,1,0,0,1,1,0,1,0,0
1078,1,0,0,0,1,0,1,1,1,2
1079,1,1,0,1,1,1,1,0,1,2
1080,1,0,1,2,1,1,1,0,0,2
1081,2,1,2,2,2,0,1,1,1,2
1083,1,1,2,2,2,1,1,1,1,2
1084,2,2,0,0,2,2,2,0,2,3
1088,0,0,0,0,1,0,1,2,2,2
1090,1,2,0,0,1,2,1,0,1,2
1092,2,1,0,1,2,0,2,0,2,3
1093,0,0,0,0,1,2,1,1,0,2
1094,2,0,0,0,0,0,0,2,0,0
1096,2,1,0,0,2,1,1,1,2,2
1098,1,2,0,1,1,2,1,1,1,2
1099,1,2,0,0,2,2,2,0,1,3
1100,0,0,0,0,1,0,0,2,1,0
1106,2,1,0,0,1,2,1,1,2,2
1107,1,1,0,1,1,1,1,0,2,2
1108,1,1,0,0,0,1,0,2,1,0
1111,1,2,0,0,1,0,1,1,1,2
1115,0,1,0,0,1,0,0,2,0,0
1119,0,1,0,0,0,0,0,2,2,0
1120,1,1,0,0,0,0,0,2,0,0
1121,1,1,0,0,1,1,1,0,2,2
1123,1,0,1,1,1,2,1,1,1,2
1126,0,1,0,0,0,0,0,1,0,0
1127,2,2,0,0,1,0,1,0,2,2
1131,0,0,0,0,0,0,0,2,1,0
1133,1,0,0,0,2,1,2,0,0,2
1135,1,1,1,1,1,1,1,0,0,2
1137,1,2,0,1,1,1,1,0,2,2
1138,1,0,2,1,1,1,1,0,1,2
1143,2,2,0,1,1,0,2,0,2,3
1146,0,1,0,0,0,0,0,2,0,0
1148,1,1,0,0,1,0,0,2,2,0
1149,2,2,0,0,0,2,1,0,2,2
1153,0,1,0,0,1,0,0,2,0,0
1156,0,2,1,1,2,0,1,0,0,2
1157,2,2,0,1,2,2,2,0,1,3
1160,1,0,0,0,0,1,1,2,2,2
1162,1,1,0,0,1,0,1,2,1,2
1163,1,2,0,1,2,1,1,0,2,2
1164,0,1,0,0,1,0,1,1,1,2
1166,0,1,1,1,1,2,1,2,2,2
1169,1,1,0,0,0,0,0,2,0,0
1170,0,1,0,0,1,0,0,2,0,0
1171,1,1,0,1,1,1,1,1,0,2
1175,1,1,0,0,2,0,1,0,1,2
1179,1,1,0,0,0,0,0,2,1,0
1181,1,1,0,0,1,0,0,1,1,0
1185,2,2,0,1,2,2,2,0,2,3
1186,1,1,1,1,1,1,1,1,0,2
1189,0,2,0,0,0,1,0,2,1,0
1191,0,0,0,1,1,0,0,2,1,0
1193,2,2,0,0,1,0,2,0,2,3
1195,1,0,1,1,0,1,1,0,0,2
1196,1,2,0,0,2,1,1,1,1,2
1198,1,2,1,1,1,1,1,0,1,2
1199,1,0,0,0,0,1,1,0,1,2
1202,2,2,0,0,2,0,2,0,2,3
1203,0,2,0,0,1,1,0,2,1,0
1207,1,1,0,0,1,1,2,0,1,2
1208,1,1,0,0,0,0,0,2,1,0
1209,0,1,0,0,1,1,0,1,2,2
1211,1,1,2,1,1,1,1,0,0,2
1214,1,0,0,0,2,1,1,0,1,2
1216,1,0,0,1,1,1,1,1,0,2
1217,0,0,0,0,0,0,0,2,0,0
1221,1,0,0,0,1,2,1,0,1,2
1223,1,1,0,1,1,1,1,0,0,2
1225,1,0,1,1,0,1,1,0,0,2
1226,1,0,1,1,1,0,1,1,0,2
1227,0,1,0,0,0,1,0,2,0,0
1228,2,2,0,1,0,1,1,0,0,2
1232,2,2,0,0,0,1,1,0,0,2
1235,1,2,0,1,2,1,0,0,0,2
1238,1,1,1,1,1,0,1,0,2,2
1239,0,1,0,0,1,0,0,2,0,0
1240,1,2,0,0,0,1,1,0,2,2
1241,2,1,0,0,1,2,1,0,0,2
1243,1,1,0,0,1,0,0,2,1,0
1245,0,1,0,0,1,0,0,2,2,0
1250,1,2,0,0,2,2,2,0,2,3
1252,0,1,1,1,2,0,2,1,1,2
1256,1,1,2,2,1,0,1,0,1,2
1259,1,2,2,2,0,2,2,1,2,2
1261,1,0,2,2,1,1,1,2,0,2
1266,1,0,0,0,0,1,0,2,1,0
1267,1,2,1,1,1,1,1,0,0,2
1271,0,1,0,0,0,1,1,1,1,2
1273,1,0,0,0,1,1,1,1,0,2
1279,1,1,0,0,0,0,0,2,0,0
1280,1,2,0,1,1,1,1,0,1,2
1281,0,0,0,0,0,1,0,2,1,0
1282,2,1,0,0,2,1,2,1,1,3
1284,2,2,0,0,1,1,2,1,0,2
1287,1,1,0,1,0,0,0,2,0,0
1290,2,1,0,1,1,1,1,1,2,2
1291,2,2,0,0,2,2,2,0,2,3
1293,0,2,1,1,1,1,1,0,2,2
1294,1,2,0,1,1,0,1,0,2,2
1298,0,0,0,0,2,2,1,0,0,2
1300,1,1,0,0,1,1,1,0,1,2
1301,1,2,0,0,2,0,1,2,0,2
1302,1,2,0,0,1,1,1,1,2,2
1306,0,0,0,0,1,2,1,1,0,2
1309,2,1,0,0,2,0,1,0,1,2
1310,0,2,2,2,2,1,0,0,0,2
1311,1,2,0,1,2,1,2,0,2,3
1313,1,0,0,0,1,0,1,1,1,2
1314,1,0,0,0,1,1,1,0,0,2
1316,1,2,0,0,1,2,1,0,0,2
1317,0,0,0,0,1,2,1,1,0,2
1326,0,2,2,2,1,1,1,0,0,2
1327,2,1,0,0,2,0,1,0,0,2
1328,0,1,0,0,1,0,0,1,0,0
1329,0,0,1,1,2,0,1,0,1,2
1333,1,0,1,1,1,0,1,2,0,2
1334,2,2,0,1,2,1,1,0,0,2
1335,1,1,0,0,0,0,0,2,1,0
1338,0,0,0,0,1,0,0,2,2,0
1340,0,2,1,1,1,0,1,0,2,2
1341,0,1,1,1,1,2,2,0,1,3
1343,1,2,0,0,1,2,1,0,1,2
1345,0,1,0,0,0,0,0,2,1,0
1347,0,0,0,0,0,0,0,2,0,0
1351,0,1,0,0,0,0,0,2,0,0
1352,1,0,2,2,1,1,1,1,1,2
1353,1,1,0,0,0,1,1,0,1,2
1354,1,2,0,0,1,0,1,0,2,2
1355,0,1,0,0,0,0,0,1,0,0
1356,0,0,0,0,0,0,0,1,0,0
1357,0,1,2,2,1,1,1,0,0,2
1359,1,2,0,0,1,2,1,2,2,2
1361,1,1,0,0,0,1,0,2,1,0
1363,1,0,1,1,1,1,2,0,1,3
1366,0,1,1,1,1,0,0,2,1,0
1369,0,0,0,0,0,0,0,2,0,0
1370,1,0,1,1,1,0,1,1,0,2
1373,1,1,0,1,0,1,2,0,2,3
1374,0,0,0,0,1,0,0,2,2,0
1375,1,0,0,0,1,0,0,2,2,0
1376,0,1,0,0,1,0,0,2,1,0
1377,0,0,0,0,1,0,0,2,1,0
1378,1,1,1,1,0,0,0,2,1,0
1380,0,2,0,0,0,0,0,2,0,0
1382,1,0,1,1,1,1,1,1,0,2
1388,0,2,0,0,1,2,2,0,0,3
1391,0,2,0,0,2,1,2,0,1,2
1396,1,2,1,1,1,1,1,1,0,2
1397,0,1,0,1,2,1,2,0,1,3
1398,1,1,2,2,1,1,2,0,0,2
1400,0,0,0,0,0,1,0,2,0,0
1401,1,0,1,1,2,2,1,1,0,2
1402,1,0,0,0,0,0,0,2,0,0
1403,1,1,1,1,2,2,2,0,1,3
1405,1,1,0,1,0,1,1,1,1,2
1406,1,0,0,0,1,2,1,0,1,2
1408,1,1,0,0,0,1,0,1,1,0
1409,2,1,1,1,0,0,1,0,2,2
1410,1,0,0,0,2,0,1,1,1,2
1413,1,2,0,1,1,1,1,0,2,2
1414,1,1,0,0,1,1,0,2,1,0
1415,1,2,1,1,2,1,2,1,2,2
1417,1,0,0,0,0,1,0,2,1,0
1420,0,2,0,0,2,2,2,0,2,3
1421,1,2,1,1,0,1,0,0,1,2
1422,0,0,0,0,0,0,0,2,1,0
1428,0,0,0,0,1,1,1,0,0,2
1429,1,1,0,1,1,1,1,0,2,2
1430,1,1,0,0,1,2,2,0,2,3
1432,1,1,0,0,2,1,1,0,2,3
1433,1,1,0,0,0,0,0,2,0,0
1435,1,1,0,1,0,1,0,0,1,2
1436,0,0,0,0,1,1,0,2,0,0
1438,1,2,0,0,0,1,1,0,0,2
1442,2,2,2,2,1,2,2,1,2,3
1444,2,0,1,1,2,1,1,0,1,2
1445,0,0,0,0,1,0,0,1,1,0
1447,1,1,1,2,2,1,2,0,1,3
1449,0,1,0,0,0,0,0,2,0,0
1451,2,1,1,2,2,2,1,0,2,3
1452,2,2,0,1,2,1,1,1,0,2
1454,1,2,0,0,2,2,1,0,1,2
1456,1,1,0,0,1,0,2,0,2,3
1459,1,1,0,0,2,0,2,1,2,2
1460,2,2,0,1,1,2,1,0,2,3
1461,1,2,2,2,0,1,1,0,1,2
1463,0,1,2,1,0,1,1,0,1,2
1464,2,2,1,1,1,2,2,1,1,3
1465,1,2,0,1,2,1,2,0,2,3
1467,0,2,0,0,1,2,1,1,2,2
1469,1,1,1,2,2,2,1,0,2,3
1471,1,2,1,2,1,2,1,0,0,2
1472,0,1,0,0,1,1,1,0,0,2
1475,1,0,0,0,1,0,0,1,2,2
1477,1,0,2,2,2,0,2,0,1,3
1480,0,1,0,0,2,1,0,0,0,2
1482,1,1,0,0,1,1,0,1,2,2
1484,1,0,0,0,1,0,1,0,0,2
1485,0,0,1,1,0,0,0,2,0,0
1487,1,2,0,1,1,0,0,1,0,0
1489,0,0,0,0,0,1,0,2,0,0
1491,0,1,0,1,1,0,1,0,0,2
1494,0,1,0,0,0,0,0,2,1,0
1495,0,1,0,0,1,1,1,0,1,2
1496,0,2,0,0,1,1,0,2,0,0
1497,0,1,0,0,1,0,0,2,1,0
1499,1,0,0,0,1,1,2,1,1,2
1502,1,0,0,0,0,0,0,2,2,0
1506,1,1,0,0,0,0,0,2,1,0
1507,1,1,0,0,0,2,1,1,2,2
1508,1,0,0,0,2,0,1,1,0,2
1510,2,2,1,2,1,0,1,0,1,3
1511,1,0,0,1,1,1,1,0,2,2
1514,0,0,0,0,0,0,0,2,0,0
1516,2,2,1,1,2,2,2,0,1,1
1517,1,2,0,0,0,2,1,0,0,2
1518,0,2,0,0,1,0,0,2,1,0
1520,1,1,0,0,0,0,0,1,1,0
1521,2,1,1,1,1,1,1,1,2,2
1523,0,1,0,0,1,2,1,0,1,2
1525,1,2,0,0,2,1,1,0,1,2
1528,1,1,1,1,0,0,0,2,0,0
1530,1,1,2,2,1,1,1,1,2,2
1532,1,1,1,1,0,1,1,1,2,2
1534,1,0,0,0,2,0,1,0,0,2
1535,0,0,0,0,0,0,0,2,0,0
1536,1,0,1,1,0,0,0,2,0,0
1537,1,0,0,0,1,0,1,1,1,2
1538,0,2,2,2,1,1,2,0,0,2
1540,0,0,0,0,1,0,0,1,0,0
1541,2,2,2,2,1,2,2,0,2,3
1543,1,1,1,1,1,1,1,0,2,2
1544,0,0,0,0,0,1,0,2,0,0
1545,0,1,0,0,0,0,0,2,0,0
1547,1,2,0,1,1,2,1,0,2,2
1550,2,2,2,1,2,1,2,0,1,3
1552,1,1,0,0,1,0,1,0,1,2
1555,0,1,0,0,0,0,0,2,0,0
1556,1,0,0,0,0,0,0,2,2,0
1558,0,1,0,0,1,0,0,2,0,0
1559,1,0,0,0,2,2,1,1,1,2
1560,1,1,0,0,1,1,1,2,2,2
1565,2,2,0,1,1,2,2,0,2,3
1566,1,1,0,0,1,1,0,0,2,2
1567,1,1,1,1,1,0,2,0,1,2
1572,1,0,0,0,1,0,1,0,1,2
1575,1,0,0,1,0,0,0,2,0,0
1577,0,1,1,1,1,0,0,1,1,0
1578,0,2,1,2,1,1,1,1,1,2
1580,0,2,2,2,0,1,1,1,0,2
1581,1,1,0,0,1,0,0,1,0,0
1582,2,1,0,0,1,0,0,0,2,2
1583,0,0,0,0,0,1,0,2,2,0
1587,1,1,0,0,0,0,0,2,0,0
1588,2,1,1,1,1,1,1,0,2,2
1589,0,0,0,0,0,0,0,2,0,0
1590,0,1,1,1,0,0,0,1,1,0
1593,0,0,0,0,0,0,1,1,1,2
1595,1,1,0,0,1,1,1,0,1,2
1600,0,1,1,1,1,1,1,1,1,2
1604,1,1,0,0,1,0,0,1,0,0
1608,0,1,0,0,0,1,1,0,0,2
1613,0,1,0,0,0,0,0,2,2,0
1614,2,1,0,1,2,2,2,0,1,3
1616,2,1,1,1,0,1,1,0,1,2
1617,1,1,0,0,1,0,1,1,2,2
1619,0,0,0,0,1,0,0,1,0,0
1621,2,2,1,2,1,2,2,1,1,3
1622,2,1,0,0,1,1,1,0,1,2
1623,1,1,2,2,0,0,0,1,0,0
1624,0,1,0,0,0,0,1,0,1,2
1625,0,0,0,0,1,1,0,2,1,0
1627,1,1,1,1,0,0,0,2,1,0
1628,0,2,0,0,0,1,0,2,0,0
1629,1,0,2,2,1,1,1,2,1,2
1632,1,2,0,0,1,1,1,0,1,2
1634,2,0,0,1,1,0,1,0,0,2
1635,1,2,0,0,1,1,1,1,0,2
1636,1,2,0,0,1,0,0,2,0,0
1637,0,1,0,1,1,0,0,1,1,2
1638,0,1,0,0,0,0,0,2,0,0
1640,1,1,0,0,0,1,1,1,1,2
1642,0,1,0,0,0,0,1,2,0,0
1643,0,1,0,0,1,0,0,2,1,0
1644,1,1,0,0,0,1,1,0,2,2
1652,1,1,0,0,1,0,0,2,1,0
1654,0,0,0,0,1,0,0,2,1,0
1655,2,0,0,0,2,1,1,0,2,2
1656,2,1,1,2,2,1,2,0,2,3
1657,0,1,0,0,1,0,0,1,1,0
1659,2,0,0,0,1,2,1,0,1,2
1663,0,1,0,0,0,0,0,2,0,0
1668,0,0,0,0,0,0,0,2,0,0
1669,1,0,0,0,0,1,2,0,1,2
1671,2,1,2,2,2,1,1,0,2,2
1672,1,0,0,1,1,2,1,1,1,2
1673,1,1,0,0,1,0,2,1,0,2
1675,1,0,0,0,2,1,1,1,2,2
1676,2,2,0,1,1,0,1,0,1,2
1677,1,1,0,1,1,0,1,0,1,3
1680,1,0,0,0,0,0,0,2,0,0
1684,2,2,0,1,1,2,2,0,0,3
1686,1,1,0,1,1,1,2,0,2,3
1688,0,0,0,0,1,0,0,2,1,0
1689,1,2,0,0,1,1,1,1,2,2
1691,1,1,0,1,1,2,1,0,1,2
1692,0,0,1,1,1,0,0,2,0,0
1693,0,0,2,2,1,1,1,1,2,2
1695,1,0,0,0,0,0,0,2,0,0
1697,0,0,0,0,1,0,0,1,1,0
1702,0,1,0,0,0,0,0,2,1,0
1705,1,2,0,1,1,1,1,0,1,2
1707,0,1,0,0,0,0,0,1,0,0
1709,1,1,0,0,0,0,0,2,1,0
1711,0,0,0,1,0,0,0,2,1,0
1713,1,1,0,1,1,2,1,1,1,2
1716,0,1,0,0,2,0,1,2,0,2
1718,2,2,0,1,2,0,1,0,2,1
1719,2,2,0,0,0,1,1,0,2,2
1720,1,0,0,0,1,0,0,2,0,0
1721,0,0,0,0,1,0,0,2,0,0
1722,1,2,0,0,1,0,2,2,2,2
1725,2,2,0,0,1,2,2,0,2,3
1726,0,2,0,1,2,1,2,0,1,3
1727,1,0,0,0,0,1,0,2,2,0
1728,0,2,0,0,0,0,0,2,1,0
1729,0,1,0,0,0,0,0,2,1,0
1730,0,1,0,0,2,2,0,1,2,2
1731,2,2,0,0,2,1,2,0,2,3
1732,0,1,1,1,0,0,0,2,0,0
1734,1,1,0,0,0,0,0,2,0,0
1736,2,2,0,0,2,1,2,1,1,3
1738,1,2,0,1,1,0,1,0,2,2
1739,1,2,0,0,1,0,1,0,2,2
1742,1,2,0,0,2,2,1,0,2,2
1744,2,1,0,0,1,1,2,0,0,2
1746,1,0,0,0,0,0,0,2,1,0
1748,1,0,0,0,1,0,0,2,1,0
1749,0,0,1,1,1,1,0,2,1,0
1750,0,0,0,0,0,1,0,2,0,0
1751,0,0,0,0,1,0,0,2,1,0
1752,1,2,0,0,0,2,2,0,2,2
1753,1,2,2,2,0,1,1,1,2,2
1755,1,2,0,0,2,1,1,0,1,2
1758,1,0,0,0,0,0,0,2,0,0
1759,1,2,1,2,1,1,1,0,1,2
1760,0,1,0,0,1,0,1,0,1,2
1761,0,1,0,0,0,0,0,1,1,0
1767,1,1,0,0,1,1,1,0,2,3
1773,0,1,0,0,1,0,0,2,0,0
1774,1,2,1,1,2,1,1,0,2,3
1775,2,2,1,1,2,1,2,0,2,3
1776,2,1,0,0,1,2,1,1,2,2
1777,2,1,1,2,2,0,2,0,2,3
1778,1,1,1,1,1,1,1,2,0,2
1782,0,0,0,0,0,0,0,2,0,0
1784,1,0,0,0,1,0,0,2,1,0
1786,0,1,0,1,0,2,1,0,0,2
1787,1,0,0,0,1,0,0,2,1,0
1788,1,2,1,1,1,1,0,0,0,2
1789,0,1,0,0,0,0,0,2,2,0
1790,1,0,0,0,0,0,0,2,0,0
1791,1,1,0,0,2,0,1,0,1,2
1794,0,0,0,0,1,2,1,2,0,2
1796,0,1,0,0,0,1,0,2,1,0
1799,1,1,0,0,0,0,0,2,1,0
1800,0,1,0,0,1,0,0,2,1,0
1801,0,1,0,0,1,1,1,1,0,2
1802,0,0,1,1,1,0,0,2,0,0
1803,0,0,1,1,1,2,1,1,2,2
1805,0,2,0,0,1,0,1,1,2,2
1808,0,2,1,2,2,1,1,0,1,2
1809,1,1,1,1,0,2,1,0,0,2
1810,2,0,0,0,2,0,1,0,0,2
1812,0,0,1,1,0,0,2,0,0,2
1814,0,0,0,0,1,0,0,2,1,0
1818,1,1,0,0,0,0,0,2,1,0
1821,1,2,0,1,2,0,1,0,1,2
1823,1,1,1,1,1,1,0,0,2,2
1824,1,1,1,1,1,1,0,2,0,0
1829,1,0,1,1,1,2,1,1,0,2
1831,0,0,0,0,1,0,0,0,0,2
1835,1,0,0,0,1,1,0,0,0,2
1836,1,0,0,0,0,1,0,2,0,0
1837,2,1,0,0,2,0,1,1,0,2
1839,0,1,0,0,0,0,0,2,0,0
1840,2,2,2,2,2,1,2,0,1,3
1841,1,2,0,1,0,1,0,1,1,0
1843,1,2,1,1,1,1,1,1,1,2
1846,0,0,1,1,1,0,1,1,0,2
1847,1,2,1,2,2,1,1,0,0,2
1848,0,1,1,1,0,0,0,2,1,0
1849,1,1,0,0,2,2,1,0,2,3
1850,1,1,1,1,1,0,1,0,1,2
1851,2,0,1,1,0,1,1,0,2,2
1858,0,0,0,0,1,0,0,1,0,0
1859,1,1,0,0,1,1,1,0,0,2
1860,1,1,0,0,1,1,0,2,1,0
1861,0,1,1,1,0,0,0,2,2,0
1865,1,2,0,1,1,2,2,0,2,3
1867,1,1,0,0,1,2,1,2,2,2
1868,2,2,1,1,2,1,1,1,2,2
1875,1,1,1,1,1,0,1,1,1,2
1878,1,1,0,0,1,1,1,0,0,2
1879,1,2,1,1,2,1,1,0,1,2
1880,0,0,1,1,0,0,0,2,0,0
1881,2,2,2,2,1,1,2,0,2,3
1882,2,2,0,0,1,1,1,0,2,2
1884,1,1,2,2,1,1,1,0,2,2
1886,1,0,0,0,1,0,0,2,1,0
1887,0,2,0,1,1,1,0,2,0,0
1891,0,2,0,1,2,0,2,0,1,3
1893,0,1,1,1,0,0,0,2,0,0
1894,1,2,0,1,1,1,2,2,1,2
1895,2,0,0,0,1,1,1,0,2,2
1900,2,2,0,0,2,2,1,1,0,3
1902,1,1,0,0,0,0,0,2,1,0
1903,2,1,1,1,1,1,2,0,0,2
1907,0,0,0,0,1,0,0,2,0,0
1909,1,1,0,0,1,1,1,1,0,2
1912,0,1,0,0,0,0,0,2,1,0
1914,1,1,0,0,0,0,0,2,2,0
1916,2,1,0,0,0,1,1,1,1,2
1920,0,1,0,0,0,0,0,2,0,0
1921,2,2,0,0,1,0,0,2,2,2
1922,1,0,0,1,1,1,1,0,0,2
1923,0,1,0,0,0,0,0,2,1,0
1925,1,0,1,2,2,1,1,1,2,2
1927,1,0,0,0,1,1,0,0,0,2
1928,0,0,0,0,0,0,0,1,1,0
1930,0,1,2,1,0,0,0,2,0,0
1931,1,0,0,0,0,0,0,2,0,0
1932,1,0,0,0,1,1,1,0,0,2
1933,1,1,0,0,0,0,0,1,1,0
1934,1,0,1,1,0,0,0,2,1,0
1935,1,0,0,0,2,1,1,0,0,2
1937,1,1,1,1,0,1,0,2,2,0
1938,1,0,0,0,1,1,0,2,0,0
1942,0,2,1,1,0,1,0,2,1,0
1944,0,2,0,1,2,2,2,0,2,3
1946,2,1,0,0,1,2,2,0,1,3
1949,2,2,0,1,1,1,1,0,1,2
1953,0,2,0,0,1,2,2,1,2,3
1955,0,0,0,0,0,1,1,2,1,2
1956,0,0,0,1,0,1,0,2,2,0
1957,0,2,0,0,1,2,1,1,1,2
1959,2,0,0,1,1,2,1,1,1,2
1962,0,0,0,0,1,0,0,2,0,0
1963,0,1,0,1,0,1,1,1,1,2
1965,0,0,0,0,1,0,0,2,1,0
1967,0,1,1,1,0,0,0,2,0,0
1969,1,2,0,1,0,1,0,0,1,2
1972,2,0,1,1,1,0,0,0,0,2
1974,2,1,0,0,1,0,1,1,0,2
1975,2,0,0,1,1,2,2,0,1,3
1976,2,1,0,1,2,2,2,1,1,3
1977,2,2,0,0,2,1,1,0,1,2
1978,0,1,0,0,0,1,0,2,0,0
1979,0,0,2,1,0,0,0,1,1,0
1983,1,0,0,0,1,2,1,0,1,2
1984,1,0,0,0,0,1,0,2,0,0
1985,1,1,0,0,1,0,0,0,1,2
1986,1,2,0,1,1,2,1,1,0,2
1987,0,0,0,0,1,1,0,2,0,0
1988,0,0,0,0,2,1,1,1,2,2
1989,0,2,2,2,1,2,1,0,2,2
1991,1,2,0,0,1,1,1,0,2,2
1993,0,1,1,1,1,0,0,2,1,0
1996,2,2,0,0,0,0,1,1,1,2
1997,0,1,0,0,0,0,0,2,1,0
1998,1,2,0,0,1,1,1,1,2,2
1999,2,1,0,1,2,1,2,0,2,3
2000,0,0,0,0,0,1,0,2,1,0
2001,0,2,0,0,2,2,2,0,2,3
2003,0,1,0,0,0,0,0,1,0,0
2004,0,1,0,0,0,0,1,0,2,2
2005,0,1,0,0,1,0,0,2,0,0
2007,1,0,1,2,1,1,1,0,1,2
2008,1,2,0,0,1,1,1,1,2,2
2009,0,1,0,0,1,0,1,2,0,0
2010,1,1,0,0,1,1,1,1,1,3
2011,0,0,0,0,0,0,0,2,1,0
2013,0,2,0,0,1,0,0,2,2,0
2015,1,0,1,1,2,1,1,1,2,2
2018,1,1,0,0,2,1,1,0,0,2
2019,1,2,1,1,0,0,0,1,0,0
2022,1,1,0,0,0,0,0,2,0,0
2023,0,1,1,0,1,1,0,2,2,0
2025,1,0,0,0,1,1,0,2,1,0
2027,1,1,1,1,1,0,0,2,1,0
2028,1,1,0,0,1,1,1,2,2,2
2030,0,1,0,0,1,0,0,2,2,0
2031,0,0,0,0,1,0,0,2,1,0
2032,1,1,0,1,1,1,1,1,1,2
2033,0,2,0,0,1,0,1,1,2,2
2035,1,1,0,0,1,1,1,1,1,2
2036,1,1,1,1,2,1,1,0,2,2
2037,1,2,1,1,0,1,1,0,2,2
2040,1,0,0,1,1,1,1,1,2,2
2041,0,2,0,0,1,2,0,0,0,2
2042,1,2,1,1,1,1,1,1,1,2
2043,2,1,2,2,1,1,1,1,0,2
2045,1,2,0,1,1,2,1,0,0,3
2050,2,2,1,1,1,2,2,1,1,3
2051,0,2,2,2,0,1,2,0,1,2
2052,1,1,1,1,0,0,0,2,0,0
2053,1,1,0,0,1,1,1,0,2,2
2054,0,0,0,0,0,0,0,2,0,0
2055,1,0,0,0,0,1,2,0,1,2
2056,1,2,0,1,1,1,0,1,2,2
2058,1,1,0,0,0,0,0,2,0,0
2059,0,2,1,1,2,1,1,0,2,2
2060,1,2,0,0,1,1,1,1,0,2
2063,0,0,0,0,1,1,1,0,0,2
2064,1,0,0,1,2,2,1,0,1,3
2066,1,1,0,0,0,0,0,2,1,0
2070,0,1,0,0,0,0,0,2,0,0
2071,1,0,2,2,0,1,1,2,2,2
2076,0,0,0,0,1,0,0,2,2,0
2077,0,0,0,1,0,1,0,2,2,0
2079,0,0,0,0,0,0,0,2,0,0
2081,0,1,0,0,0,0,0,2,1,0
2083,0,1,1,1,1,1,1,1,2,2
2084,1,1,0,1,1,1,1,0,2,2
2085,1,0,1,1,0,1,0,1,1,2
2086,1,1,1,1,1,1,1,0,1,2
2087,1,0,2,2,2,1,1,1,0,2
2089,1,1,2,2,1,1,1,0,0,2
2090,1,2,0,0,1,1,1,1,1,2
2091,0,1,1,1,0,0,0,1,1,0
2093,0,1,0,0,1,0,0,2,1,0
2094,1,1,0,0,1,0,1,2,1,0
2100,0,1,1,1,0,0,0,2,2,0
2102,0,0,0,0,0,0,0,2,0,0
2105,1,0,1,1,2,2,2,0,1,3
2108,0,0,0,0,1,0,0,2,0,0
2109,0,2,0,0,1,1,1,0,1,2
2112,0,1,0,0,1,1,1,0,2,2
2113,1,2,1,1,0,1,1,0,0,2
2115,0,2,0,0,2,1,1,0,1,2
2118,2,0,0,0,1,2,1,1,2,2
2120,1,0,0,0,1,1,1,1,2,2
2122,0,2,0,0,2,0,0,1,2,2
2124,1,1,0,0,1,0,0,2,0,0
2127,0,0,0,0,1,0,0,2,0,0
2128,0,0,0,0,0,0,0,2,1,0
2129,1,0,2,2,1,1,1,0,0,2
2130,1,0,1,1,2,1,1,0,1,2
2134,0,1,0,0,0,0,0,2,0,0
2136,0,0,1,0,1,0,0,2,0,0
2138,1,1,2,2,1,0,1,1,1,2
2140,0,0,0,0,0,1,0,2,2,0
2141,0,2,0,0,1,0,0,2,2,0
2142,0,2,2,2,2,1,0,1,1,2
2143,1,0,0,0,0,1,0,2,1,0
2144,0,0,0,0,1,1,0,2,1,0
2146,0,1,0,0,0,0,0,2,0,0
2147,1,2,0,0,1,0,0,2,1,0
2148,1,2,0,0,2,2,0,1,2,2
2151,2,2,2,2,2,0,1,1,2,2
2155,0,2,0,0,2,0,2,0,1,3
2157,1,1,0,0,1,0,0,1,1,0
2158,1,1,1,1,0,1,2,2,2,2
2159,1,2,0,0,0,0,0,2,0,0
2160,2,2,1,1,0,2,1,1,2,2
2163,1,1,1,1,1,0,1,1,2,2
2164,0,0,0,0,0,0,0,2,0,0
2165,0,0,0,0,0,0,0,1,1,0
2166,0,2,0,0,0,1,1,0,2,2
2167,1,1,0,0,1,0,0,2,0,0
2172,0,0,0,0,0,0,0,2,1,0
2173,1,1,0,0,1,0,0,2,1,0
2175,0,2,0,0,1,0,0,1,1,2
2176,1,2,2,2,2,2,2,1,2,3
2178,1,1,0,1,0,1,0,2,0,0
2180,0,2,0,0,1,0,0,2,1,0
2185,0,2,0,1,0,1,1,1,2,2
2186,2,1,1,1,2,1,2,0,1,3
2187,0,0,0,0,0,1,0,2,0,0
2188,0,0,0,1,1,2,1,0,1,2
2189,1,2,0,0,1,1,1,0,1,2
2196,0,0,1,1,1,1,0,2,0,0
2197,1,0,0,0,1,1,0,2,1,0
2200,0,2,0,0,2,1,0,1,1,2
2201,2,0,0,0,1,2,1,0,0,2
2202,1,1,0,1,1,2,2,0,2,3
2205,2,1,0,0,1,1,2,0,1,3
2206,1,1,0,0,1,1,0,2,0,0
2207,2,2,0,0,2,1,1,1,2,3
2208,0,2,1,1,0,1,1,1,1,2
2210,1,2,0,0,1,1,1,0,0,2
2211,1,0,0,0,1,1,1,1,0,2
2212,1,0,0,0,0,1,0,2,1,0
2215,1,0,1,1,0,0,0,1,0,0
2218,0,0,0,0,1,1,1,2,1,2
2219,1,1,0,0,1,0,1,0,1,2
2222,1,0,0,0,0,1,1,0,0,2
2223,1,0,2,2,0,0,1,0,0,2
2224,0,0,0,0,0,0,1,0,1,2
2225,0,2,0,0,0,1,1,0,2,2
2226,1,2,1,1,0,0,0,1,1,0
2228,0,0,0,0,1,0,0,1,2,0
2233,0,1,1,1,0,0,0,1,1,0
2235,0,0,0,0,1,1,0,2,0,0
2236,1,0,0,0,1,0,1,1,0,2
2239,1,2,0,1,1,1,1,0,1,2
2241,1,1,1,2,1,2,1,0,0,2
2242,1,0,1,2,2,1,2,0,1,3
2243,0,0,0,0,0,0,0,2,0,0
2244,2,1,0,0,0,2,0,0,2,2
2247,1,1,1,1,1,2,2,0,0,3
2249,1,1,0,0,0,0,0,2,0,0
2251,1,1,0,0,1,1,1,0,0,2
2252,1,1,2,2,1,1,1,0,0,2
2254,1,0,0,0,0,0,0,2,0,0
2255,0,1,0,0,0,0,0,2,1,0
2258,0,0,1,1,0,0,0,2,1,0
2260,1,1,0,0,2,0,2,0,1,2
2261,0,0,0,0,1,0,0,2,1,0
2262,0,0,0,0,0,1,0,2,0,0
2263,1,1,0,0,1,1,1,0,2,2
2264,0,0,0,0,0,0,0,2,1,0
2265,2,2,2,2,1,0,2,0,2,3
2267,2,1,0,1,2,2,1,0,2,2
2268,1,1,0,0,2,1,1,0,0,2
2270,2,2,0,1,2,1,2,0,2,3
2275,2,0,2,2,1,2,2,0,1,3
2277,2,1,0,0,2,1,1,0,2,2
2280,2,1,1,1,2,1,1,0,0,3
2282,1,0,0,0,1,0,1,0,1,2
2283,0,0,1,1,0,1,0,2,2,0
2284,1,1,1,2,1,1,0,0,0,2
2286,1,0,1,1,0,0,0,1,0,0
2287,0,0,0,0,1,0,0,2,2,0
2288,1,1,0,0,0,2,1,0,0,2
2293,1,0,0,0,0,0,0,2,1,0
2294,0,0,0,0,1,0,0,2,1,0
2295,1,1,0,0,0,0,0,2,0,0
2297,2,0,0,0,0,2,1,0,2,2
2298,0,1,0,0,1,0,0,2,1,0
2299,0,0,0,0,1,0,0,2,0,0
2300,1,1,0,0,0,1,1,0,0,2
2301,2,1,0,0,1,1,2,0,2,3
2303,1,1,0,0,1,0,0,2,2,0
2304,0,1,0,0,0,0,0,2,1,0
2308,2,1,0,1,2,2,2,0,2,3
2311,1,0,0,0,1,0,0,2,1,0
2315,1,2,0,0,1,1,1,0,0,2
2316,2,1,1,1,2,1,1,0,2,2
2320,1,2,2,2,0,1,1,1,1,2
2322,1,0,0,0,1,1,1,0,0,2
2323,1,1,1,2,1,1,1,1,1,2
2328,2,0,0,0,0,1,1,0,0,2
2330,0,1,0,0,1,1,0,2,1,0
2335,1,1,0,0,1,1,0,2,1,0
2338,1,1,0,0,0,0,0,2,0,0
2339,0,1,0,0,0,1,0,2,1,0
2340,1,0,0,0,1,2,1,0,2,2
2345,1,1,1,1,0,1,1,0,2,2
2347,1,1,0,0,1,0,0,2,1,0
2349,2,1,0,0,1,0,0,2,1,0
2350,0,1,0,0,1,1,0,2,0,0
2356,0,0,0,0,1,1,0,2,0,0
2358,0,0,0,0,0,0,0,1,1,0
2360,1,1,0,0,1,0,0,2,1,0
2362,0,2,0,0,0,0,0,2,2,0
2367,0,1,0,0,1,0,0,2,1,0
2369,0,0,1,1,0,1,0,2,0,0
2370,1,0,1,1,1,1,1,0,2,2
2371,1,0,0,0,0,1,0,2,0,0
2372,1,1,0,0,0,1,0,2,0,0
2377,0,1,0,0,0,0,0,2,0,0
2378,0,1,0,1,0,0,0,1,0,0
2384,1,1,0,0,2,0,2,0,1,2
2385,2,1,0,0,2,1,1,1,2,2
2388,2,1,1,1,1,2,2,0,2,2
2389,1,1,0,0,0,0,0,2,1,0
2395,1,0,0,0,1,1,1,2,0,2
2396,1,0,0,0,0,0,0,2,0,0
2399,1,1,0,1,1,0,0,2,1,0
2400,0,2,1,1,2,0,2,1,2,2
2401,2,2,0,0,0,1,1,0,1,3
2403,1,1,0,0,1,0,1,1,1,2
2407,1,1,0,0,1,0,0,2,0,0
2409,1,0,1,1,1,0,1,0,2,2
2410,1,1,0,0,2,2,2,0,2,3
2411,1,0,1,2,1,0,1,0,2,2
2412,1,1,1,1,1,0,1,0,1,2
2413,0,1,0,0,0,1,0,2,0,0
2415,1,2,0,0,1,0,1,1,0,2
2420,2,2,2,1,2,2,1,0,1,3
2421,0,1,0,0,0,0,0,2,1,0
2422,1,0,0,1,1,1,0,0,2,2
2423,1,1,0,1,1,1,1,1,1,2
2424,0,0,0,0,1,0,0,2,0,0
2426,0,1,0,0,0,1,0,2,1,0
2428,1,1,1,2,1,2,2,0,2,3
2429,1,0,0,0,0,1,1,1,2,2
2430,2,1,1,1,1,1,1,1,1,2
2435,0,1,0,0,0,0,0,2,1,0
2437,1,1,0,0,0,0,0,2,2,0
2440,1,1,0,0,1,1,0,0,1,2
2441,0,1,0,0,1,0,0,2,0,0
2442,0,1,0,0,1,2,1,0,1,2
2443,1,2,0,1,1,1,1,0,2,2
2446,1,1,1,1,0,1,1,0,1,2
2448,2,0,0,0,1,2,1,1,2,2
2450,1,1,2,2,1,1,1,0,0,2
2452,0,0,1,1,1,0,0,2,0,0
2456,0,0,0,1,1,0,0,2,1,0
2460,0,1,0,0,1,1,0,2,2,0
2462,1,2,0,1,2,2,2,0,2,3
2464,1,2,1,1,1,2,1,0,1,2
2465,0,0,0,0,0,0,0,2,2,0
2467,1,2,1,1,2,1,1,0,1,2
2472,0,1,0,0,0,0,0,2,0,0
2475,0,0,1,0,1,1,0,2,1,0
2478,1,2,0,0,1,1,1,0,0,2
2479,2,1,1,1,1,1,1,1,0,2
2481,2,1,0,0,1,2,1,0,1,2
2483,2,1,2,2,1,0,1,1,2,2
2484,1,1,0,1,1,2,1,0,1,2
2486,2,2,1,1,1,0,0,1,1,2
2487,0,2,0,0,0,0,0,2,0,0
2488,0,1,0,0,0,0,0,1,0,0
2489,0,1,0,0,0,0,0,1,2,0
2490,2,2,2,2,1,1,1,0,2,2
2491,2,2,2,2,0,1,1,0,0,2
2492,0,0,0,0,0,0,0,1,0,0
2494,1,1,0,0,0,0,0,2,0,0
2495,1,2,0,1,1,1,1,1,2,2
2496,0,0,0,0,2,1,1,1,2,2
2497,0,0,2,2,1,0,0,2,0,0
2500,1,1,1,1,1,1,1,0,1,2
2506,0,1,0,0,1,0,0,2,1,0
2517,2,0,0,0,1,1,1,0,1,2
2522,1,2,1,1,0,1,2,2,1,2
2523,1,0,1,1,1,0,0,2,1,0
2527,0,0,1,1,0,1,0,2,1,0
2528,1,0,1,1,1,1,1,0,1,2
2530,2,0,2,2,0,0,1,1,1,3
2531,0,0,0,0,1,1,1,1,2,2
2532,0,2,0,0,2,1,2,0,1,3
2536,2,1,0,0,0,1,1,0,0,2
2537,0,1,0,0,1,1,0,2,1,0
2538,1,2,0,0,1,0,1,0,0,2
2540,1,0,1,1,1,0,0,2,0,0
2542,1,1,1,1,1,2,1,1,2,2
2543,0,0,0,0,0,0,0,1,0,0
2545,1,1,0,0,1,1,2,1,1,2
2546,2,0,2,2,1,2,2,0,1,3
2547,1,0,1,1,1,2,1,1,2,2
2548,1,0,0,0,1,0,0,2,0,0
2549,1,2,0,0,1,0,0,2,1,0
2552,1,1,1,1,2,1,1,1,2,2
2555,2,2,0,0,0,2,1,1,2,3
2559,0,0,0,0,0,1,0,2,1,0
2560,0,1,0,0,0,0,0,2,1,0
2561,1,1,0,0,0,0,0,2,1,0
2562,0,1,0,0,0,0,0,2,1,0
2564,1,1,1,1,0,0,2,0,2,3
2565,2,2,0,0,0,2,2,0,2,3
2566,1,1,0,0,0,1,0,2,2,0
2569,1,0,2,2,1,1,1,1,2,2
2572,1,0,0,0,1,0,1,2,1,2
2573,2,1,0,1,2,2,1,0,0,2
2574,0,0,0,1,1,1,1,0,0,2
2577,0,1,0,0,1,2,2,0,1,3
2578,1,0,0,0,0,0,0,1,2,0
2580,0,1,0,0,0,1,0,2,0,0
2581,1,1,1,1,0,1,1,1,2,2
2582,2,1,0,0,2,2,1,0,1,3
2583,1,0,0,1,1,0,1,2,0,2
2588,0,1,1,1,0,0,1,2,0,0
2589,0,0,0,1,0,0,0,2,1,0
2591,1,1,0,0,2,0,1,1,1,2
2593,1,1,2,2,1,0,1,0,0,2
2594,2,0,1,1,1,2,2,0,0,3
2596,2,1,1,2,2,2,2,0,1,3
2599,0,0,0,0,0,0,0,2,1,0
2600,0,2,0,0,1,1,0,1,0,0
2601,0,1,1,1,0,0,0,2,1,0
2605,2,2,1,2,2,2,2,2,1,3
2606,0,0,0,0,0,1,0,2,0,0
2607,0,0,0,0,1,0,0,2,0,0
2611,0,2,0,1,1,2,2,0,2,1
2613,0,1,1,1,0,0,0,2,1,0
2614,1,1,0,1,1,0,0,2,0,0
2615,0,1,0,0,0,1,1,0,0,2
2616,0,1,0,0,2,1,1,0,2,2
2619,0,0,1,1,0,0,0,2,1,0
2620,0,1,0,0,0,0,0,2,0,0
2621,1,1,0,1,1,2,1,1,0,2
2622,2,2,0,1,2,1,1,0,2,2
2624,1,0,1,1,1,0,0,2,1,0
2627,0,1,0,1,1,1,2,0,1,2
2628,1,1,0,0,1,1,0,0,0,2
2629,2,1,0,1,2,1,2,0,1,3
2630,0,0,0,0,1,0,0,2,0,0
2631,2,2,0,0,1,2,1,1,1,2
2635,0,0,1,1,0,0,0,2,0,0
2638,1,0,0,0,1,0,0,1,1,0
2639,0,0,0,0,0,0,0,2,0,0
2640,1,2,0,0,1,1,1,0,1,2
2642,1,0,0,0,1,1,0,2,2,0
2643,1,2,1,1,2,1,1,0,0,2
2644,2,2,2,2,1,2,2,0,1,3
2645,2,2,1,1,1,1,1,1,1,2
2646,0,1,0,0,1,0,0,2,1,0
2649,2,0,1,1,2,1,1,0,1,2
2650,0,0,0,0,0,0,0,1,0,0
2651,1,1,0,0,0,0,0,2,1,0
2653,0,2,0,0,0,1,1,1,1,2
2654,1,0,0,0,0,0,0,2,0,0
2658,2,2,0,0,2,0,2,0,2,3
2659,0,1,0,0,0,1,0,2,0,0
2663,0,1,0,0,1,1,1,0,2,2
2664,1,2,0,0,0,0,0,2,0,0
2667,1,1,2,2,2,2,2,0,1,3
2671,0,1,0,0,0,1,0,1,2,0
2673,0,0,0,0,0,0,0,2,0,0
2674,2,0,0,0,0,1,1,0,0,2
2676,0,1,1,1,0,0,0,1,1,0
2679,0,2,1,1,0,0,0,2,1,0
2680,1,1,0,0,0,0,0,2,1,0
2682,1,1,0,0,0,2,1,1,2,2
2683,2,1,0,1,2,0,2,1,1,3
2688,2,2,0,0,2,2,2,0,1,2
2690,1,1,2,2,1,1,2,1,2,3
2691,0,1,0,0,0,1,0,2,1,0
2694,0,0,0,0,1,0,0,2,1,0
2698,0,1,0,1,1,0,0,1,0,0
2700,1,1,0,0,1,1,1,1,2,2
2703,0,0,0,0,0,0,0,1,0,0
2704,2,2,0,0,1,1,1,2,0,2
2709,2,1,0,1,1,1,0,1,1,2
2711,0,0,0,0,0,0,0,2,1,0
2712,2,2,0,1,2,2,2,0,2,3
2719,1,1,0,0,2,0,1,0,2,2
2720,1,1,2,2,1,0,1,1,1,2
2721,0,0,0,0,0,0,0,1,1,0
2722,1,0,1,1,1,0,1,0,0,2
2723,1,1,0,0,1,1,1,0,0,2
2724,2,1,0,0,1,2,1,1,0,2
2725,1,0,2,2,1,0,1,1,1,2
2728,0,1,0,0,1,1,0,2,2,0
2729,0,1,0,0,0,1,0,2,0,0
2730,1,0,0,0,1,0,0,1,1,0
2731,1,0,2,2,1,1,1,0,2,2
2732,1,2,1,1,1,1,0,1,0,2
2737,1,1,0,0,2,0,1,0,2,2
2738,0,0,0,0,1,1,1,0,0,2
2741,0,0,1,1,1,1,1,0,1,2
2744,2,2,0,0,1,1,1,1,2,2
2747,0,0,2,2,1,0,2,0,1,2
2748,1,0,1,1,1,2,1,1,2,2
2749,0,1,1,1,0,0,0,2,0,0
2752,1,1,1,1,1,2,2,0,0,3
2753,0,1,0,0,1,0,0,2,0,0
2756,1,1,1,1,0,1,0,1,1,0
2759,0,0,0,0,0,0,0,2,1,0
2760,1,1,1,1,0,1,1,0,0,2
2762,1,0,0,0,0,0,0,2,0,0
2763,0,2,0,0,1,1,1,1,1,2
2764,1,1,0,0,0,0,1,0,0,2
2766,0,0,0,0,0,1,0,1,1,0
2767,1,1,0,0,2,1,1,1,0,2
2771,1,1,0,0,2,2,2,0,1,3
2772,0,2,0,0,0,0,0,1,1,0
2773,0,0,2,2,1,0,1,0,1,2
2774,1,2,1,2,1,2,1,0,2,2
2776,0,0,0,0,0,0,0,2,0,0
2778,0,0,0,0,0,0,0,2,2,0
2780,0,1,0,0,1,0,0,2,1,0
2784,1,1,0,0,2,1,1,0,2,2
2785,0,1,0,0,0,1,0,1,0,0
2786,2,1,0,0,2,2,1,0,2,3
2788,1,1,0,0,2,2,1,0,0,2
2789,0,1,0,0,1,1,0,0,0,2
2790,0,1,0,0,1,0,1,1,1,0
2793,2,1,0,0,0,2,1,0,0,2
2794,0,2,0,0,2,1,1,0,1,2
2795,1,1,0,0,0,1,0,2,0,0
2796,1,0,2,1,0,0,1,1,0,2
2797,1,1,0,0,1,1,1,0,2,2
2798,1,0,0,1,1,1,1,0,1,2
2799,2,2,0,0,1,1,1,1,1,2
2800,0,0,0,0,1,0,0,2,2,0
2801,2,2,0,1,1,1,1,0,1,2
2802,1,0,0,0,1,1,1,0,1,2
2803,0,0,0,0,0,0,0,2,1,0
2806,1,1,0,0,1,1,1,1,1,2
2807,0,0,0,0,0,0,0,2,1,0
2808,0,1,0,0,0,0,0,2,1,0
2809,0,1,0,0,0,1,0,2,0,0
2810,0,2,0,0,1,1,0,1,0,0
2811,1,1,0,0,1,0,0,2,0,0
2813,1,0,0,0,2,1,1,0,1,2
2817,2,1,0,0,1,0,1,0,0,2
2818,0,1,0,0,0,0,0,2,0,0
2819,0,0,0,0,0,1,0,2,1,0
2820,0,2,0,0,0,1,1,1,1,2
2822,2,2,0,0,2,1,2,0,1,3
2823,0,1,0,0,0,1,0,2,0,0
2824,0,0,0,0,1,0,0,2,1,0
2826,1,2,0,0,1,1,1,0,2,2
2827,2,1,0,0,1,1,0,0,2,2
2828,1,2,2,2,2,0,1,0,1,2
2829,0,1,0,0,0,1,0,1,1,0
2831,1,0,0,1,1,1,1,0,0,2
2832,0,0,0,0,1,1,0,2,1,0
2833,1,0,1,1,2,1,1,0,2,2
2834,1,0,0,0,0,0,0,2,1,0
2835,2,1,0,0,2,1,1,0,0,2
2836,2,2,0,1,2,1,2,0,1,3
2838,1,0,0,0,1,2,1,0,2,2
2839,0,1,0,0,1,0,0,2,0,0
2842,0,0,0,0,1,0,0,2,0,0
2843,1,0,0,0,1,1,1,1,0,2
2844,1,1,0,0,1,1,0,2,0,0
2845,0,1,0,0,1,2,1,1,1,2
2846,0,0,0,0,0,0,0,2,1,0
2847,2,1,0,0,1,1,1,1,2,2
2848,0,2,0,0,1,2,2,0,0,3
2849,1,2,0,1,1,2,1,0,0,3
2850,0,0,0,0,0,0,0,2,0,0
2853,0,0,0,0,0,0,0,1,0,0
2857,2,2,0,0,2,1,0,1,2,2
2858,0,0,0,0,0,0,0,2,1,0
2859,1,0,0,0,0,1,1,0,2,2
2861,0,1,0,0,0,0,0,2,1,0
2862,1,2,0,0,1,0,2,0,2,3
2863,1,1,0,0,1,0,0,2,2,0
2864,1,1,0,0,0,1,0,2,1,0
2865,0,1,1,1,1,1,1,0,1,2
2866,0,0,0,0,1,0,0,1,1,0
2867,1,0,0,1,1,1,1,0,0,2
2871,0,1,0,0,1,1,2,0,1,2
2872,1,1,1,2,1,0,1,1,2,2
2875,1,0,0,0,0,0,0,1,1,0
2880,0,1,1,1,1,0,1,0,1,2
2881,1,1,0,0,2,0,1,0,2,3
2882,0,0,1,1,0,1,0,2,0,0
2888,1,2,0,0,1,1,0,0,2,2
2892,0,1,0,0,0,1,0,2,0,0
2893,2,2,0,0,1,1,1,0,1,2
2894,1,1,0,0,1,1,1,0,0,2
2896,1,1,0,0,1,0,0,2,1,0
2897,1,2,0,1,1,1,2,0,0,2
2898,0,0,0,0,0,0,0,1,1,0
2899,1,1,0,0,0,0,0,1,0,0
2904,0,0,0,0,1,0,0,2,1,0
2905,2,2,0,1,1,1,1,2,1,2
2907,0,0,0,0,1,0,0,2,1,0
2908,0,2,2,2,2,2,2,0,2,3
2910,2,1,2,2,1,2,1,1,2,2
2913,1,1,1,1,1,0,2,0,1,2
2914,0,1,1,1,2,1,2,0,2,2
2915,1,1,0,0,1,1,1,1,2,2
2916,1,1,0,0,0,0,0,2,0,0
2917,0,1,0,0,0,1,0,1,0,0
2920,1,1,0,1,2,2,2,0,2,3
2922,1,0,0,0,1,1,1,0,2,2
2925,1,0,0,0,0,0,0,1,1,0
2928,0,1,0,0,1,0,0,0,0,2
2930,0,1,0,0,1,0,0,2,0,0
2934,0,0,0,0,0,1,0,2,2,0
2936,1,1,0,0,0,1,0,1,0,0
2937,1,0,0,0,1,2,1,0,1,2
2938,1,1,0,0,1,0,0,2,0,0
2940,0,1,0,1,1,1,1,0,2,2
2941,0,1,0,0,1,0,0,1,0,0
2943,2,1,2,2,1,1,1,1,1,2
2944,2,0,1,2,1,0,1,1,1,2
2945,1,0,0,0,0,0,0,2,0,0
2947,1,2,0,1,1,2,2,1,1,3
2951,0,1,0,0,1,0,0,1,0,0
2952,0,1,1,1,0,0,0,2,1,0
2953,2,1,0,1,1,1,1,1,0,2
2954,2,2,0,1,1,1,1,1,2,2
2955,0,0,0,0,1,0,1,2,0,0
2956,1,1,1,1,0,0,1,0,2,2
2958,1,2,0,0,0,2,1,1,0,2
2960,0,0,0,0,1,0,0,2,2,0
2963,1,1,0,0,1,1,1,0,1,2
2968,0,1,0,0,0,1,0,2,0,0
2970,0,0,0,0,1,0,0,2,0,0
2971,1,2,0,1,2,2,2,0,1,3
2973,1,0,0,0,0,1,1,0,2,2
2975,0,1,2,2,0,1,1,1,2,2
2976,1,0,1,1,1,2,1,1,0,2
2977,0,2,0,0,0,0,0,2,0,0
2978,0,1,0,1,1,1,1,0,2,2
2981,2,2,0,1,1,0,1,0,1,2
2982,2,0,0,1,1,2,1,0,1,3
2983,1,0,0,0,1,1,0,2,0,0
2984,1,2,0,0,2,1,1,1,1,2
2988,0,1,0,0,1,0,0,2,0,0
2989,2,2,2,2,1,2,2,1,0,3
2992,0,0,1,1,1,0,0,2,0,0
2994,1,1,0,0,1,2,1,0,2,2
2995,1,0,0,1,0,0,0,1,0,0
2996,1,1,0,0,0,2,1,0,0,2
2997,2,1,0,1,1,1,1,0,1,2
2999,2,2,0,0,2,0,0,1,1,2
3005,0,0,0,0,1,0,0,2,0,0
3006,0,1,0,0,1,2,1,1,2,2
3008,1,0,0,0,0,0,0,2,1,0
3011,1,0,0,0,1,0,0,2,0,0
3012,0,1,0,0,0,1,0,2,0,0
3014,1,2,1,1,2,1,1,1,1,2
3017,1,2,0,0,0,1,2,0,1,2
3018,0,1,0,0,1,1,1,0,1,2
3019,0,0,0,0,0,0,0,2,0,0
3020,1,1,0,0,0,1,1,1,1,2
3021,1,1,1,1,2,1,1,1,2,2
3023,1,0,2,2,1,2,1,0,1,2
3024,1,1,0,1,0,1,1,0,1,2
3026,1,0,0,0,0,1,1,0,1,2
3027,2,1,0,1,1,0,2,0,2,3
3032,0,0,0,0,0,0,0,2,0,0
3035,0,1,1,1,0,1,0,2,1,0
3042,1,1,1,1,1,1,1,0,2,2
3044,1,1,0,1,1,2,1,1,2,2
3045,1,1,1,1,1,0,1,0,2,2
3046,2,1,0,0,0,1,1,0,2,2
3047,2,1,1,1,1,1,1,0,2,2
3048,0,0,0,0,0,0,0,2,1,0
3049,0,1,0,0,0,1,0,1,1,0
3054,2,2,1,1,1,1,1,0,0,2
3055,1,0,0,0,2,1,1,1,1,2
3058,0,1,2,2,1,1,1,1,0,2
3059,0,0,0,0,0,0,0,2,0,0
3061,0,0,0,0,1,0,0,2,1,0
3062,0,0,0,0,1,1,1,1,0,2
3065,1,1,0,0,2,1,2,2,1,3
3068,1,2,2,1,2,1,1,0,1,2
3069,1,2,1,1,2,1,1,0,0,2
3070,1,0,1,1,1,1,1,0,0,2
3075,1,2,0,0,2,1,1,1,0,2
3076,1,2,1,1,1,0,1,0,1,2
3078,1,1,1,1,1,1,1,0,2,2
3079,1,2,1,1,0,1,0,1,0,2
3082,1,2,0,1,2,1,1,0,0,2
3084,0,2,2,2,1,1,1,0,1,2
3089,1,1,1,1,0,1,1,1,0,2
3090,2,0,0,0,2,2,2,0,0,3
3092,0,1,1,1,1,1,2,0,1,3
3093,1,2,1,2,2,2,1,0,2,3
3095,0,2,0,0,1,0,0,1,0,0
3096,0,2,0,0,2,1,1,1,0,2
3097,1,0,0,1,0,1,1,1,1,2
3100,0,1,0,0,0,1,0,2,0,0
3103,0,0,0,0,0,0,0,2,0,0
3104,1,2,1,1,0,1,1,2,0,2
3111,1,2,0,0,0,0,0,2,0,0
3112,1,0,0,0,0,0,0,1,1,0
3113,0,0,0,0,0,1,0,1,0,0
3116,2,2,0,0,1,1,1,0,2,2
3117,0,1,0,0,1,0,0,2,1,0
3119,0,0,0,0,1,1,0,2,0,0
3120,1,0,2,1,0,2,1,0,0,2
3121,1,0,1,1,1,1,1,0,2,2
3122,0,1,0,0,0,0,0,2,1,0
3123,1,1,0,1,2,2,2,0,1,3
3125,0,2,0,0,1,1,0,2,1,0
3126,0,0,0,0,1,0,0,2,1,0
3129,1,2,2,2,0,0,2,0,1,2
3130,1,2,0,1,1,2,1,1,0,2
3133,2,1,0,1,1,0,1,0,0,2
3135,1,1,2,2,2,1,1,0,0,2
3138,0,1,0,0,1,0,0,1,0,0
3139,0,0,1,1,0,1,1,1,1,2
3141,0,0,0,0,1,0,0,2,0,0
3146,1,2,1,1,1,1,1,0,0,2
3149,0,1,0,0,0,0,0,2,0,0
3153,0,2,0,0,1,0,0,1,1,0
3154,0,1,1,1,0,0,0,1,0,0
3156,2,1,1,1,1,1,1,1,1,2
3157,0,2,1,1,0,0,1,0,1,2
3158,0,2,0,0,0,1,1,0,0,2
3159,0,0,1,0,0,1,0,2,1,0
3162,1,1,0,0,0,0,1,2,1,2
3163,0,1,0,0,0,1,0,2,1,0
3166,0,0,0,0,0,0,0,2,1,0
3167,0,1,0,0,0,0,0,1,1,0
3168,0,1,0,1,1,1,1,0,2,2
3169,0,1,1,1,2,1,1,1,2,2
3170,2,2,1,2,2,2,2,0,1,3
3171,1,0,0,0,0,1,1,0,1,2
3173,1,2,0,0,2,0,1,0,2,2
3177,1,0,0,0,1,0,0,2,1,0
3178,0,0,0,0,0,0,0,2,0,0
3179,1,1,2,2,1,1,1,1,1,2
3188,0,0,0,0,1,0,0,2,0,0
3189,2,0,0,0,1,1,2,0,2,3
3191,2,0,0,0,1,1,1,2,1,2
3193,1,0,0,0,1,0,0,2,1,0
3196,0,0,0,0,1,1,0,2,1,0
3197,2,2,0,0,0,1,1,0,2,2
3199,1,1,0,0,1,1,1,0,1,2
3200,0,1,2,2,1,0,2,0,2,3
3201,2,0,0,0,1,1,1,1,1,2
3203,1,0,0,0,1,1,1,0,2,2
3206,2,0,0,0,1,2,0,1,0,2
3208,0,1,1,1,1,2,2,1,2,2
3209,1,0,0,0,1,0,0,2,1,0
3211,0,2,0,0,1,0,2,1,1,3
3213,1,1,0,0,1,0,1,0,1,2
3214,1,2,1,1,2,2,1,1,2,3
3215,0,0,0,0,1,1,0,2,2,0
3216,2,2,2,2,1,1,2,1,0,2
3221,1,1,0,1,0,2,1,0,1,2
3228,0,0,0,1,1,0,0,1,0,0
3231,0,1,0,0,0,1,0,2,1,0
3234,1,0,1,1,1,0,1,1,2,2
3238,0,0,0,0,2,0,2,0,0,2
3239,0,1,1,1,2,0,1,1,2,2
3242,1,1,0,0,0,0,0,1,0,0
3247,0,2,0,0,1,1,0,0,1,2
3249,1,1,0,0,1,2,2,0,1,3
3251,1,2,0,1,1,1,1,0,1,3
3253,1,0,0,0,1,0,0,2,0,0
3256,0,0,1,1,1,1,0,2,2,2
3257,0,1,0,0,1,0,0,2,0,0
3258,1,1,0,0,2,1,2,0,1,3
3259,1,1,0,0,0,0,0,2,2,0
3260,1,0,0,1,1,2,1,0,1,2
3264,0,2,0,0,0,0,0,2,2,0
3265,0,1,0,0,1,0,0,2,1,0
3266,0,0,1,0,0,0,0,2,1,0
3268,2,1,0,0,1,1,1,0,1,2
3269,2,0,0,0,0,1,0,2,1,0
3270,2,2,0,0,2,0,1,0,2,3
3272,0,2,0,0,0,0,0,1,0,0
3273,2,0,1,1,1,2,1,1,1,2
3274,1,1,0,0,2,1,1,1,2,2
3277,1,1,0,0,0,0,1,0,2,2
3282,1,0,0,0,0,0,0,2,1,0
3283,1,2,0,1,0,1,2,0,1,2
3284,1,0,0,1,1,1,1,0,0,2
3287,1,0,0,0,2,1,1,0,0,2
3289,0,1,0,0,0,1,0,2,1,0
3291,0,1,1,1,1,2,1,1,2,2
3292,1,2,0,0,2,0,2,0,1,2
3293,1,1,1,1,0,0,0,2,1,0
3297,0,2,0,0,1,1,1,2,1,2
3298,1,1,0,1,2,1,2,0,2,3
3299,0,0,0,0,1,0,0,2,0,0
3300,1,1,0,0,1,1,1,0,0,2
3301,0,0,0,0,1,2,2,0,2,2
3302,0,0,0,1,1,1,2,0,2,2
3303,1,2,0,0,1,1,1,0,2,2
3305,2,2,1,1,1,2,2,0,2,3
3308,0,0,0,0,1,1,0,2,2,0
3309,1,1,0,0,1,1,2,0,1,3
3310,2,2,1,1,2,0,1,1,1,2
3311,0,0,0,0,1,0,0,2,1,0
3312,1,0,0,0,0,0,0,2,1,0
3314,1,2,2,2,1,1,1,0,2,2
3315,0,0,0,0,1,1,0,1,0,0
3318,0,0,0,0,0,0,0,1,1,0
3319,0,0,0,0,1,0,0,2,1,0
3322,0,1,1,1,1,0,0,1,0,0
3323,1,0,1,1,2,0,1,0,1,2
3326,0,2,0,0,1,1,0,2,2,0
3327,0,0,0,0,1,0,0,2,1,0
3330,2,1,0,1,0,1,1,1,0,2
3331,0,1,0,0,0,0,0,1,0,0
3333,0,0,0,0,0,1,0,1,2,0
3334,0,0,0,0,0,0,0,1,0,0
3335,0,0,0,0,1,0,0,2,1,0
3341,0,1,0,0,1,0,0,2,1,0
3342,1,2,0,0,1,0,1,0,0,2
3343,0,1,0,0,1,1,1,0,1,2
3346,0,1,0,0,0,0,0,1,1,0
3347,1,1,1,0,2,2,2,0,1,3
3348,0,1,0,0,1,0,0,2,0,0
3350,0,1,1,1,1,0,1,0,2,2
3353,0,0,0,0,0,0,0,2,2,0
3355,1,1,0,0,1,1,1,1,0,2
3356,1,1,0,0,1,0,1,0,0,2
3359,0,0,0,0,0,1,0,2,1,0
3363,1,0,0,1,2,0,2,0,2,3
3364,1,0,0,0,2,2,1,0,0,2
3368,2,2,1,2,1,1,2,0,2,3
3370,0,0,0,0,0,0,0,2,1,0
3371,0,1,0,0,1,0,0,2,0,0
3372,0,1,0,0,0,0,1,0,2,2
3375,1,2,0,1,1,1,1,0,0,2
3377,1,1,2,2,1,1,2,0,2,2
3379,0,2,0,0,0,1,0,2,1,0
3382,0,1,0,0,1,0,0,1,1,0
3383,0,1,0,0,0,0,0,2,2,0
3384,1,0,0,0,1,1,1,0,2,2
3385,0,0,0,0,0,0,0,2,2,0
3388,0,1,0,0,0,1,1,0,2,2
3390,1,1,0,1,1,2,2,0,0,3
3394,1,2,0,0,0,1,2,1,1,2
3398,1,0,2,2,1,1,1,0,1,2
3399,1,1,0,1,2,2,2,0,2,3
3400,1,0,0,0,1,0,1,1,1,2
3401,2,2,1,1,2,2,2,0,1,3
3402,0,0,0,0,1,0,0,2,0,0
3403,1,2,1,1,0,0,0,2,1,0
3404,0,1,1,1,2,2,2,0,1,3
3406,1,1,0,0,0,1,1,0,2,2
3408,0,0,0,0,0,0,0,1,0,0
3410,1,0,0,1,1,1,1,0,0,2
3411,2,0,0,0,0,2,1,2,2,2
3414,2,1,1,2,1,1,1,0,0,2
3417,1,0,1,1,0,2,1,0,1,2
3418,2,1,0,0,0,1,1,1,2,2
3419,1,1,1,1,0,2,1,1,1,2
3420,0,1,1,1,0,1,0,2,0,0
3421,2,1,0,0,1,1,1,0,2,2
3423,1,1,0,0,0,1,0,2,0,0
3425,1,2,0,0,2,0,1,0,1,2
3426,2,1,0,0,1,1,1,2,1,2
3427,2,1,0,1,1,2,0,0,0,3
3430,0,2,2,2,1,0,1,0,2,2
3431,1,0,0,0,1,0,2,0,1,2
3432,2,0,2,2,1,2,1,2,0,2
3433,2,1,0,1,1,0,2,0,2,3
3436,1,1,0,0,0,0,0,2,0,0
3438,1,2,1,1,1,1,1,0,0,2
3445,2,1,0,1,1,1,1,0,1,3
3449,0,2,0,1,0,2,1,0,0,2
3450,0,2,0,0,2,1,1,0,1,2
3451,1,1,0,1,0,1,1,0,0,2
3452,0,0,1,1,0,0,0,1,1,0
3453,2,2,0,0,2,1,1,1,1,2
3454,2,1,0,0,2,1,1,1,0,2
3457,0,0,0,0,1,1,2,1,0,2
3458,1,1,0,0,1,2,1,2,1,2
3461,2,0,2,2,1,2,1,0,1,2
3462,1,1,0,0,0,1,0,2,1,0
3463,1,1,0,0,1,1,0,2,1,2
3464,1,1,2,2,2,2,2,0,1,3
3466,1,1,0,0,1,0,0,1,2,0
3469,2,0,0,0,0,2,1,0,2,2
3470,0,0,0,0,1,0,0,2,1,0
3471,0,0,0,0,0,1,0,2,1,0
3480,1,2,1,1,2,1,1,1,0,2
3482,1,1,0,0,1,2,1,0,1,2
3483,0,1,0,0,1,0,0,2,0,0
3484,1,2,0,0,1,1,1,0,1,2
3486,1,0,0,1,1,1,1,1,1,2
3487,0,1,0,0,0,1,1,1,1,2
3489,2,1,0,0,1,0,1,1,0,2
3490,2,2,2,2,2,2,1,1,1,3
3492,0,0,0,0,1,1,0,2,0,0
3493,1,1,0,0,0,0,0,2,1,0
3496,2,0,1,2,1,1,0,1,1,2
3498,1,0,0,0,0,0,1,1,1,2
3499,1,2,0,0,1,1,1,1,1,2
3500,1,1,0,1,1,1,1,1,1,2
3501,1,1,1,1,0,0,0,1,1,0
3504,0,1,0,1,1,1,1,1,0,2
3505,0,1,0,0,0,0,0,2,2,0
3510,1,0,0,0,1,0,0,2,1,0
3511,0,0,0,0,0,0,0,1,1,0
3512,0,1,0,0,0,0,0,2,0,0
3515,2,0,0,0,1,0,1,0,0,2
3516,0,1,0,0,1,0,0,2,1,0
3517,1,2,0,0,0,0,0,2,0,0
3520,0,1,0,1,1,0,0,1,1,0
3521,1,0,0,0,1,2,1,1,0,2
3523,2,1,0,1,1,1,1,0,1,2
3524,0,1,0,0,0,1,0,2,0,0
3527,2,2,0,0,1,0,1,0,0,2
3532,1,0,1,1,0,2,1,0,0,2
3534,1,2,0,0,2,1,1,1,0,2
3535,0,0,1,1,0,0,0,2,0,0
3536,0,0,2,2,1,1,1,0,0,2
3538,2,0,0,0,1,0,1,0,0,2
3539,0,2,0,0,1,1,1,0,1,2
3540,1,1,0,1,0,2,1,0,1,2
3541,2,2,0,0,2,1,1,1,2,2
3542,1,2,1,1,1,1,1,0,2,2
3543,1,0,0,0,0,0,0,2,1,0
3545,2,2,0,1,1,2,1,0,1,3
3548,1,1,0,0,1,0,1,0,1,2
3549,2,1,0,0,0,1,1,1,0,2
3551,2,1,0,1,2,2,2,0,2,3
3553,0,0,1,1,0,0,0,2,0,0
3555,0,1,0,0,1,0,0,2,1,0
3556,1,0,0,1,1,1,1,1,2,2
3557,0,0,0,0,1,0,0,1,2,0
3561,0,2,1,1,2,1,1,0,2,2
3563,0,0,0,1,0,0,0,2,0,0
3565,0,1,0,0,2,1,0,1,2,2
3566,1,2,0,0,1,1,0,0,1,2
3567,0,0,0,0,1,0,0,1,1,0
3569,2,1,0,0,2,0,2,1,2,3
3571,1,1,0,1,1,2,1,1,1,3
3572,0,1,0,0,0,0,0,1,0,0
3576,0,1,0,0,1,1,1,0,0,2
3577,0,2,0,1,2,0,1,1,1,2
3579,1,1,1,1,0,0,1,0,2,2
3581,1,1,1,1,2,2,1,0,0,2
3582,1,1,0,0,1,1,2,0,1,2
3586,0,2,1,2,1,1,1,0,2,2
3587,2,0,0,1,2,0,1,0,0,2
3588,0,2,0,0,1,1,0,0,1,2
3589,1,0,0,1,2,1,2,0,1,2
3590,1,0,0,1,0,0,1,1,0,2
3592,0,1,0,0,1,0,0,2,0,0
3593,0,0,0,0,0,0,0,2,1,0
3596,1,0,0,0,0,1,1,0,2,2
3601,2,2,1,1,1,2,1,0,2,3
3602,0,1,2,2,1,1,1,0,0,2
3604,1,1,2,2,0,1,0,0,0,2
3605,0,1,0,0,0,0,0,2,1,0
3606,0,0,0,0,0,0,0,2,1,0
3607,1,1,0,0,1,0,1,0,1,2
3608,1,0,0,0,1,1,0,2,1,0
3611,1,2,2,2,2,2,2,0,2,3
3612,1,1,1,1,1,2,2,0,2,3
3615,1,2,0,0,1,0,2,1,1,3
3616,2,2,0,0,2,1,1,0,2,2
3622,1,2,0,0,0,0,0,2,0,0
3624,2,2,1,1,2,2,1,0,1,2
3627,1,1,0,0,1,1,1,0,1,2
3631,2,2,0,0,1,1,1,0,2,2
3635,1,0,0,0,0,0,0,2,2,0
3636,0,2,2,1,0,1,0,2,0,0
3640,1,2,0,0,0,1,1,0,0,2
3641,1,1,1,1,1,2,1,1,1,2
3645,1,2,1,1,2,0,2,2,2,3
3647,1,2,2,2,2,2,1,0,2,3
3648,1,2,0,1,1,1,1,1,2,2
3649,0,0,0,0,0,1,0,2,0,0
3650,2,1,1,1,1,1,2,0,1,3
3651,0,1,0,0,1,0,0,2,0,0
3652,2,1,0,0,0,0,0,2,1,0
3656,1,1,0,0,1,0,1,0,2,2
3657,1,2,1,1,1,1,1,0,2,2
3661,1,0,0,0,1,0,0,2,0,0
3664,1,0,0,1,2,1,1,0,1,2
3668,1,1,0,0,0,0,0,2,2,0
3672,1,1,0,0,1,2,2,1,0,2
3676,0,0,0,0,0,0,0,2,1,0
3677,1,2,0,0,0,1,0,2,0,0
3678,0,0,1,1,0,0,0,1,0,0
3682,1,1,1,1,1,0,1,1,2,2
3683,1,1,0,0,1,2,1,0,0,2
3686,2,1,0,1,2,2,1,0,2,3
3688,1,1,0,0,0,0,0,2,0,0
3689,0,0,0,0,1,0,0,2,1,0
3690,2,0,1,1,1,2,2,1,1,2
3692,0,0,0,0,1,1,1,1,1,2
3694,0,1,2,2,1,2,2,0,2,2
3695,1,1,0,0,1,1,0,2,1,0
3696,0,0,0,0,1,0,0,2,0,0
3701,1,0,0,0,1,1,1,1,0,2
3702,1,0,0,0,1,1,1,0,0,2
3703,1,2,1,1,2,1,1,0,1,2
3704,1,0,0,0,1,1,1,1,1,2
3706,1,0,0,0,0,2,0,1,0,2
3707,0,1,0,0,0,0,0,2,0,0
3713,0,0,0,0,0,1,0,2,0,0
3714,0,0,0,0,0,0,0,2,0,0
3715,1,1,0,0,1,1,1,1,2,2
3717,0,0,0,0,0,0,0,2,0,0
3719,2,1,0,1,1,1,1,0,1,2
3720,1,0,0,0,1,1,0,1,1,0
3721,2,2,1,1,2,0,1,0,2,2
3722,1,1,0,0,1,0,0,2,0,0
3723,0,0,0,0,0,0,0,2,0,0
3724,1,2,0,0,1,1,1,0,2,2
3725,1,1,0,0,0,0,0,2,0,0
3727,1,2,0,0,0,2,2,1,2,2
3728,0,0,0,0,0,0,0,2,1,0
3729,1,1,2,2,1,1,1,0,1,2
3730,0,1,0,0,1,0,0,2,1,0
3732,2,2,1,2,1,2,2,1,2,3
3733,1,2,0,0,2,1,1,1,1,2
3734,1,1,1,1,1,1,1,1,1,2
3735,2,1,0,0,1,1,1,1,1,2
3736,0,0,2,2,1,1,1,0,1,2
3739,0,0,1,1,0,1,0,2,1,0
3745,1,2,0,0,1,1,1,0,0,2
3746,0,1,2,2,2,1,1,1,2,2
3747,1,2,0,0,2,2,2,0,2,3
3748,1,0,0,1,2,0,1,0,2,2
3750,1,1,0,1,2,1,1,1,2,2
3751,1,0,1,1,1,1,0,2,2,0
3752,0,2,1,1,0,0,0,1,2,0
3755,0,1,2,2,1,2,1,0,0,2
3756,0,0,0,0,1,1,1,0,1,2
3758,0,2,0,0,0,1,0,2,0,0
3759,0,0,0,0,0,0,0,2,0,0
3760,1,1,2,1,0,0,0,2,1,0
3761,1,2,0,0,1,1,1,0,0,2
3764,0,1,0,0,1,0,0,2,1,0
3766,1,0,1,1,2,0,2,1,0,2
3767,0,1,0,0,1,1,2,0,2,2
3770,2,1,0,1,1,2,2,0,1,3
3771,1,0,0,0,2,1,1,1,2,2
3773,1,1,2,2,1,1,1,0,1,2
3774,1,0,0,0,1,0,0,1,2,0
3779,1,2,0,1,0,0,1,0,2,2
3781,0,1,0,0,1,1,1,0,1,2
3783,2,1,1,1,1,2,1,1,2,2
3784,0,1,0,0,1,0,0,2,0,0
3786,1,2,0,0,2,1,1,1,1,2
3787,2,1,0,0,2,1,1,0,2,2
3788,0,0,0,0,0,0,0,1,1,0
3790,1,2,0,0,1,2,1,1,2,2
3791,0,1,1,1,1,1,0,2,0,0
3793,0,1,0,1,0,0,0,2,0,0
3796,0,0,1,1,1,0,1,1,1,2
3797,2,0,1,1,2,2,1,1,1,2
3800,2,2,0,0,1,1,2,0,1,3
3802,0,1,0,0,0,1,2,0,0,2
3807,0,0,1,1,0,0,0,1,2,2
3809,0,2,0,0,1,1,2,0,2,3
3815,0,0,0,0,0,0,0,2,1,0
3816,2,1,0,0,1,2,1,0,0,3
3820,1,0,2,1,1,1,1,0,0,2
3821,2,2,0,0,1,0,1,0,0,3
3822,0,1,1,1,2,1,1,1,1,2
3823,1,0,0,0,0,0,0,2,1,0
3826,1,2,0,1,2,1,1,0,2,3
3829,1,2,0,0,2,2,2,0,2,3
3830,0,0,0,0,1,0,0,2,1,0
3833,1,1,1,1,1,0,1,2,1,2
3837,1,2,0,1,0,1,1,0,1,2
3838,1,0,1,1,2,1,1,0,0,2
3839,1,2,2,2,2,2,2,0,1,3
3841,1,0,0,0,2,1,1,1,2,2
3844,1,2,0,0,2,1,0,0,1,2
3847,0,0,0,0,1,1,0,2,0,0
3848,1,0,0,0,1,1,1,2,0,2
3851,2,0,0,0,1,0,0,1,2,2
3852,2,0,1,1,0,0,0,0,0,2
3853,0,0,0,0,0,0,0,1,0,0
3855,0,1,0,0,1,0,0,2,1,0
3856,0,1,0,0,0,0,0,2,0,0
3860,1,1,0,0,1,1,0,1,0,0
3861,1,0,0,0,0,0,0,2,0,0
3862,1,1,1,1,2,1,1,1,1,2
3864,1,0,1,1,1,0,1,0,1,2
3868,0,0,0,0,0,1,0,2,1,0
3870,0,1,0,0,0,0,0,1,0,0
3872,1,2,0,1,0,0,0,1,0,0
3873,0,0,0,0,0,1,0,2,1,0
3874,2,0,2,2,1,2,1,0,1,3
3876,1,1,0,0,0,0,0,2,0,0
3878,1,0,0,0,0,1,0,2,2,0
3879,0,2,1,1,1,0,1,2,0,2
3882,2,0,0,1,1,1,1,0,0,2
3884,1,1,2,2,1,1,1,0,2,2
3885,0,1,0,0,0,0,0,2,0,0
3887,0,0,0,0,0,0,1,2,0,0
3888,2,0,0,0,1,1,1,0,0,2
3890,2,2,2,2,1,1,1,0,2,2
3892,1,2,0,0,2,2,1,0,1,2
3894,1,1,0,0,0,0,0,2,0,0
3895,1,2,0,1,1,2,2,0,2,3
3896,0,2,1,1,0,0,0,2,1,0
3898,1,0,0,0,1,1,1,0,2,2
3900,1,2,2,2,1,1,1,1,0,2
3902,1,0,2,2,1,1,1,0,2,2
3903,1,1,0,0,1,2,0,0,2,2
3907,2,2,0,0,1,0,2,0,2,3
3908,0,0,0,0,0,0,0,2,1,0
3910,2,1,1,1,1,1,0,0,0,2
3911,0,2,0,0,2,2,1,0,1,2
3913,1,0,0,0,0,2,1,0,0,2
3914,1,0,0,1,1,1,1,1,0,2
3918,1,2,0,0,1,1,1,1,0,2
3920,0,1,0,0,1,0,0,2,1,0
3923,1,1,0,1,1,1,1,0,2,2
3924,2,2,0,0,1,1,1,0,1,3
3925,0,2,0,0,1,1,1,1,0,2
3926,2,0,0,1,0,1,1,0,0,2
3928,1,0,0,0,1,1,0,2,2,0
3929,2,1,0,1,2,0,1,0,2,2
3931,2,1,1,1,1,1,1,1,0,2
3933,1,0,0,0,0,1,0,2,1,0
3936,1,2,0,0,0,0,0,2,1,0
3939,0,0,0,0,1,1,0,1,1,0
3941,0,0,1,1,0,0,0,2,1,0
3942,0,1,1,1,0,0,0,2,1,0
3943,1,1,1,1,0,2,1,1,0,2
3944,1,1,1,1,0,1,1,0,1,2
3945,1,1,1,2,1,1,0,0,0,2
3946,1,2,0,0,2,0,1,0,0,2
3948,1,0,0,0,0,0,0,2,1,0
3950,1,0,2,1,2,1,1,0,2,2
3951,1,1,1,1,2,1,1,0,1,2
3953,2,0,0,0,1,1,1,2,0,2
3954,0,0,0,0,0,0,1,2,1,0
3955,2,2,0,0,1,1,1,1,1,2
3956,1,2,0,0,0,1,0,1,0,0
3957,0,0,0,0,0,0,0,2,0,0
3959,0,0,0,0,0,1,0,2,0,0
3960,0,1,2,2,1,1,1,0,0,2
3961,1,2,0,0,0,0,0,2,2,0
3962,1,1,0,0,2,0,1,1,1,2
3963,1,2,0,1,2,2,2,1,2,3
3964,0,1,0,0,0,0,0,1,0,0
3965,1,2,0,1,2,0,1,1,0,2
3967,0,2,2,2,0,0,1,0,2,2
3968,1,2,0,0,1,0,1,0,0,2
3969,1,0,1,1,0,2,2,0,1,3
3971,2,0,1,1,1,2,1,1,1,2
3973,2,1,0,0,1,2,2,0,0,3
3975,0,0,0,0,1,0,0,2,0,0
3976,0,2,0,0,0,1,2,0,1,2
3977,2,2,2,2,0,1,1,0,2,2
3978,1,2,2,1,0,0,0,2,0,0
3979,0,1,0,0,0,0,0,2,1,0
3980,2,2,1,1,1,1,1,1,0,2
3982,0,0,0,0,0,0,0,2,1,0
3983,0,1,0,0,1,0,0,2,0,0
3987,2,1,0,0,2,2,1,0,2,2
3988,2,1,0,0,1,1,2,1,0,3
3989,1,1,0,0,2,2,1,0,1,3
3994,2,0,0,0,2,1,1,0,0,2
3996,2,2,2,2,2,0,1,1,2,2
3997,0,1,0,0,1,1,0,1,1,2
3998,0,1,0,0,0,0,0,2,0,0
4001,0,1,0,0,1,1,0,1,1,0
4002,0,1,0,0,0,1,1,0,2,2
4003,1,0,1,1,1,2,1,0,0,2
4005,1,1,0,1,0,2,1,1,0,2
4006,0,1,0,0,0,0,0,2,0,0
4009,1,1,1,1,1,1,0,1,1,0
4010,1,0,0,0,2,2,0,0,0,2
4011,1,1,1,1,1,1,1,0,0,2
4012,0,0,0,0,0,2,2,1,2,2
4013,0,0,0,0,0,0,0,2,1,0
4017,1,1,0,0,1,0,1,0,0,2
4018,1,1,0,1,1,0,1,0,2,2
4019,2,2,0,0,2,2,2,0,1,3
4020,1,1,0,0,1,1,1,1,2,2
4021,1,1,0,0,1,1,1,1,2,2
4022,0,1,0,0,0,0,0,2,2,0
4027,0,1,1,1,0,1,0,1,0,0
4030,0,0,1,2,1,1,1,0,2,2
4033,0,1,1,1,0,0,1,2,1,2
4035,0,0,0,0,1,0,0,2,1,0
4038,1,0,0,0,0,0,0,2,1,0
4039,2,1,0,0,2,2,2,0,1,3
4040,0,0,0,0,1,0,0,2,0,0
4041,1,0,1,1,0,0,0,2,0,0
4042,0,1,0,0,0,0,0,1,1,0
4045,1,0,0,0,1,2,1,1,2,2
4047,0,0,0,0,1,0,1,1,2,2
4048,1,1,0,0,0,0,0,2,1,0
4049,0,1,0,0,1,0,1,0,1,2
4052,2,2,0,1,1,1,1,1,1,2
4053,1,2,0,1,2,1,2,2,1,3
4054,0,2,2,2,1,1,1,0,1,2
4056,0,1,2,2,2,0,1,0,2,2
4059,1,1,1,1,0,0,0,2,1,0
4060,1,1,0,0,2,1,1,1,1,2
4062,2,1,1,1,1,1,1,1,2,2
4064,2,0,2,2,2,1,0,1,1,2
4067,0,0,0,1,0,1,2,0,2,2
4068,0,0,0,0,1,1,0,2,1,0
4071,0,1,1,1,1,0,1,0,0,2
4078,2,0,0,0,0,0,1,1,2,2
4079,0,1,0,0,1,0,0,2,1,0
4080,0,0,1,1,1,0,0,1,1,0
4081,0,1,0,0,1,1,0,2,1,0
4083,1,1,0,0,1,0,0,1,1,0
4085,0,1,0,0,0,0,0,2,2,0
4086,0,0,2,2,0,0,2,1,0,2
4087,1,2,0,0,1,1,1,1,0,2
4090,2,1,0,0,0,0,0,0,2,2
4092,1,2,1,1,2,0,1,0,1,2
4094,0,0,0,0,0,0,0,1,1,0
4095,0,0,1,1,2,1,1,0,1,2
4097,1,2,1,1,1,1,1,0,2,2
4098,2,2,2,2,1,1,0,1,1,2
4100,0,0,0,0,0,0,0,2,2,0
4102,0,1,0,1,2,1,1,0,0,2
4104,1,1,0,0,1,2,1,0,2,2
4106,1,1,1,1,0,1,1,1,2,2
4108,2,1,0,0,0,0,0,2,0,0
4109,0,2,0,1,1,1,2,0,1,3
4111,0,1,0,0,1,0,0,1,0,0
4113,0,1,0,0,0,0,0,2,1,0
4114,0,0,0,0,1,0,0,2,1,0
4115,1,0,0,0,0,0,1,1,2,2
4118,1,1,0,0,1,1,1,0,2,2
4119,0,0,0,0,0,0,0,1,0,0
4120,1,2,0,0,0,0,1,1,1,2
4121,0,1,0,1,2,2,1,0,1,2
4122,1,0,0,0,1,0,0,2,1,0
4125,1,0,0,0,2,1,1,2,0,2
4127,1,1,0,0,1,1,1,0,0,2
4128,1,2,0,0,1,1,1,0,0,2
4133,2,0,0,0,2,1,1,0,2,2
4134,1,1,0,0,0,0,0,2,1,0
4135,1,1,0,0,0,1,1,0,1,2
4136,2,0,0,1,1,2,1,0,2,2
4137,0,1,0,0,1,0,0,2,1,0
4140,0,1,0,0,1,1,0,2,2,0
4143,2,2,2,2,2,2,1,0,2,3
4145,2,1,0,0,1,1,1,1,0,2
4152,1,0,0,0,0,0,0,2,0,0
4153,1,2,0,1,0,0,1,1,1,2
4155,2,1,0,0,1,1,0,0,1,2
4156,0,1,1,0,0,1,0,2,1,0
4157,1,0,0,0,1,0,0,2,1,0
4158,1,1,0,0,0,0,0,2,1,0
4159,2,2,0,0,1,1,1,1,2,2
4160,0,0,0,0,1,0,0,2,1,0
4163,2,2,0,1,1,2,2,0,1,3
4166,1,1,1,1,1,1,1,0,1,2
4168,2,2,0,0,2,1,2,0,0,2
4170,1,1,1,1,0,1,0,2,0,0
4171,0,0,0,0,0,0,0,2,1,0
4176,0,0,0,0,0,1,0,2,1,0
4178,0,1,0,0,0,0,0,2,0,0
4179,0,1,0,0,0,0,0,2,1,0
4182,2,2,0,0,1,2,1,0,1,2
4184,1,0,0,0,1,2,1,0,0,2
4185,1,0,0,1,1,0,1,0,1,2
4186,0,1,0,0,0,0,0,2,2,0
4189,2,2,0,0,2,1,1,0,0,2
4193,0,0,0,0,0,0,1,2,1,0
4194,0,2,1,2,2,1,1,0,2,2
4196,0,1,0,0,1,0,1,1,0,0
4197,0,0,0,0,1,1,0,2,0,0
4198,1,1,0,0,0,0,0,2,2,0
4199,1,0,0,0,1,1,1,0,0,2
4200,1,1,1,1,1,2,2,0,1,3
4204,0,1,0,0,0,0,0,2,1,0
4208,2,2,0,1,2,2,2,0,1,3
4209,1,2,2,2,1,1,0,0,0,2
4213,2,0,0,0,2,1,1,0,0,2
4215,1,1,0,0,1,0,0,2,1,0
4220,1,1,0,0,2,1,1,0,1,2
4222,0,1,0,0,1,1,0,2,1,0
4223,1,1,2,2,1,1,1,0,2,2
4225,0,1,1,1,1,0,0,2,1,0
4226,2,2,0,0,1,0,1,0,2,2
4227,2,2,0,1,2,1,2,0,2,1
4230,0,2,0,0,1,0,0,2,0,0
4232,2,1,0,1,2,0,2,0,2,3
4237,0,0,0,0,1,1,0,2,0,0
4238,0,2,0,0,1,2,1,1,0,2
4244,0,2,0,0,1,1,1,0,0,2
4246,2,1,0,0,0,1,1,0,1,2
4250,1,0,0,0,1,2,1,0,2,2
4251,1,1,0,0,1,1,1,0,0,2
4253,1,1,0,0,0,0,0,2,0,0
4254,0,1,1,0,0,0,0,2,0,0
4256,0,1,0,0,0,1,1,0,0,2
4257,0,1,0,0,0,0,0,2,0,0
4259,2,1,1,1,1,1,1,0,2,2
4260,1,2,0,0,0,1,1,0,2,2
4261,0,0,0,0,1,1,0,2,1,0
4262,1,1,0,0,0,0,0,2,1,0
4264,1,0,0,0,1,0,1,0,1,2
4267,0,2,2,2,1,0,1,1,1,2
4268,0,1,0,0,2,1,1,0,2,2
4269,0,1,0,0,0,0,0,2,2,0
4270,2,0,0,0,0,2,1,0,1,2
4271,0,0,0,0,1,0,0,1,0,0
4272,0,0,0,0,0,0,0,2,2,0
4276,2,2,2,2,2,2,2,1,1,3
4278,1,1,2,2,1,1,1,1,1,2
4279,2,0,0,1,1,1,2,0,2,2
4281,1,2,1,1,2,0,1,1,1,2
4283,0,0,0,0,1,2,1,2,2,2
4286,1,0,0,1,1,0,0,2,0,0
4287,2,1,2,2,1,1,2,0,2,3
4288,1,0,0,0,0,0,0,1,0,0
4289,1,0,0,0,2,1,1,0,1,2
4290,0,1,0,0,0,2,1,0,0,2
4292,0,0,0,0,1,0,0,2,1,0
4294,1,2,0,0,0,1,2,0,1,2
4295,1,1,0,1,1,1,1,0,1,2
4298,0,0,0,0,0,0,0,2,0,0
4300,2,0,0,0,1,1,1,1,1,2
4303,2,2,0,0,2,1,1,0,0,2
4304,1,1,1,1,0,1,2,0,1,2
4308,1,0,0,0,1,0,1,1,1,2
4309,0,1,0,0,1,0,0,1,0,0
4311,1,0,0,0,0,0,0,2,1,0
4315,1,1,0,0,1,1,2,1,1,2
4319,1,0,0,1,0,2,1,1,1,2
4320,1,2,0,0,1,1,1,0,1,2
4321,0,1,2,2,1,2,1,0,1,3
4323,1,2,1,1,1,0,1,0,2,2
4324,0,1,0,0,2,1,1,0,2,2
4325,0,1,0,0,0,0,0,2,0,0
4326,0,1,0,0,0,0,0,2,1,0
4328,0,2,1,1,1,1,2,0,0,2
4330,0,1,0,0,0,0,0,1,1,0
4331,1,1,1,1,2,1,2,0,1,3
4332,0,0,0,0,1,0,0,2,0,0
4336,1,0,0,0,0,0,0,2,1,0
4338,1,1,1,1,2,2,1,1,0,2
4339,0,0,0,0,0,0,0,2,0,0
4340,1,1,2,2,2,1,1,1,1,2
4342,1,0,2,2,0,1,2,1,1,2
4344,0,0,0,0,0,0,0,1,1,0
4346,1,0,1,1,0,0,0,2,0,0
4349,0,1,0,0,0,1,0,2,0,0
4350,2,0,2,2,1,0,1,1,2,2
4354,2,2,0,1,2,1,2,0,1,3
4355,1,0,0,0,0,0,0,2,0,0
4356,0,2,0,1,1,0,2,2,1,2
4358,1,2,0,1,1,2,1,2,2,2
4359,2,2,2,1,1,1,2,0,2,3
4360,0,1,0,0,0,0,0,2,1,0
4362,1,0,1,1,0,1,0,2,0,0
4364,1,1,1,1,1,1,1,1,1,2
4365,2,2,0,1,2,1,2,0,2,3
4366,1,0,2,2,0,1,0,2,1,0
4368,0,0,2,2,2,0,1,1,1,2
4369,0,1,1,1,1,0,1,0,0,2
4370,1,1,2,2,1,2,1,0,2,2
4372,2,2,0,1,1,1,1,0,2,3
4375,0,1,0,0,0,0,0,1,0,0
4376,1,1,0,0,0,1,1,1,2,2
4384,1,1,0,0,0,1,0,2,0,0
4387,2,2,1,1,1,1,2,0,2,3
4388,1,0,0,0,0,0,0,2,0,0
4390,0,1,0,0,1,1,1,0,1,2
4394,0,0,0,0,0,0,0,1,1,0
4395,0,0,0,0,0,0,0,1,0,0
4396,2,0,1,1,1,1,2,0,1,2
4397,1,0,1,2,1,2,1,0,1,2
4400,0,0,2,2,1,0,0,2,1,0
4401,1,2,1,1,0,2,1,0,0,2
4408,0,1,0,0,0,0,0,2,0,0
4410,1,1,2,2,1,1,1,1,0,2
4417,2,1,0,0,1,1,0,0,0,2
4421,0,2,0,0,1,0,0,2,1,0
4422,1,1,0,0,1,1,1,0,0,2
4424,0,2,2,2,1,0,1,0,0,2
4427,1,2,0,1,2,1,2,1,2,3
4430,1,1,0,0,0,0,1,1,2,2
4431,1,1,0,0,1,1,1,0,1,2
4432,2,0,1,1,1,1,1,0,0,2
4435,2,0,0,0,2,1,1,0,2,2
4436,2,1,1,1,1,1,1,0,2,2
4437,2,1,0,0,1,1,1,1,1,2
4438,1,2,0,0,1,0,0,0,0,2
4439,2,1,0,0,1,0,1,0,0,2
4441,0,0,0,0,1,0,0,2,1,0
4443,0,1,0,0,1,0,0,2,0,0
4444,2,1,0,1,1,1,1,0,1,2
4446,1,1,1,1,2,0,1,1,1,2
4447,1,2,2,2,2,1,2,1,1,3
4448,1,0,0,1,1,2,1,0,1,2
4450,0,1,0,0,2,1,1,1,2,2
4453,1,0,0,0,0,0,1,0,1,2
4457,1,2,1,2,2,0,1,0,1,3
4458,0,2,0,1,2,1,1,0,2,2
4461,1,0,0,0,0,2,1,1,1,2
4463,0,1,0,0,1,1,1,0,1,2
4464,0,1,0,0,0,0,0,2,1,0
4465,0,1,0,0,0,1,0,2,1,0
4467,0,0,1,1,0,0,0,2,0,0
4468,1,0,0,0,0,1,1,0,1,2
4472,1,0,0,0,1,0,0,2,1,0
4475,1,0,0,0,1,0,1,0,0,2
4476,0,1,0,0,1,0,0,1,0,0
4477,1,2,0,0,1,1,1,0,2,2
4478,0,0,0,0,0,0,0,2,0,0
4479,1,2,2,2,2,1,1,0,2,3
4482,0,1,2,1,0,0,0,2,0,0
4486,1,0,1,1,1,1,2,0,0,2
4487,1,1,2,2,0,1,1,1,0,2
4488,2,0,0,0,0,1,1,1,1,2
4489,2,0,0,0,1,1,1,0,0,2
4491,0,0,0,0,0,0,0,2,1,0
4494,1,0,0,0,1,0,1,0,1,2
4495,2,1,2,2,1,1,1,0,0,2
4500,2,2,1,1,2,2,2,1,0,3
4501,0,0,0,0,0,1,0,2,0,0
4502,1,1,1,1,2,1,1,1,0,2
4503,0,0,0,0,0,1,0,2,2,0
4506,0,2,0,0,1,0,1,0,2,2
4507,1,0,0,1,2,1,1,1,0,2
4511,1,1,0,0,1,1,2,0,1,3
4512,0,1,0,1,2,1,0,0,1,2
4514,1,1,0,0,0,1,0,2,0,0
4515,2,1,0,0,2,2,2,0,1,3
4516,1,1,0,0,0,0,0,2,1,0
4520,0,1,2,2,0,0,0,2,2,0
4523,0,0,2,2,0,0,0,2,0,0
4525,1,0,1,1,1,1,1,0,2,2
4526,1,1,0,1,0,1,2,0,2,3
4527,1,1,0,0,0,0,0,2,0,0
4528,1,2,0,0,1,1,1,0,1,2
4529,2,2,2,2,1,1,2,1,2,2
4531,2,0,2,2,1,0,1,0,2,2
4532,0,1,0,0,1,1,0,2,0,0
4535,0,0,0,1,1,2,1,0,1,3
4536,2,0,0,1,2,2,1,0,0,2
4537,1,2,2,2,1,1,1,2,2,2
4539,1,1,0,0,0,2,1,0,0,2
4541,1,0,0,0,0,0,0,2,2,0
4542,0,1,0,0,1,0,0,2,0,0
4543,2,2,0,1,1,2,1,1,0,2
4544,0,0,0,0,1,0,0,1,1,0
4545,0,2,0,1,2,1,1,0,1,2
4547,0,2,1,1,0,0,0,2,0,0
4549,1,1,2,2,2,2,1,0,0,3
4550,0,0,0,0,1,0,0,1,1,0
4551,1,1,0,0,0,0,0,1,0,0
4552,0,1,1,1,2,0,0,0,2,2
4554,0,0,0,0,1,0,0,2,0,0
4555,0,0,0,0,0,0,0,2,0,0
4558,2,0,0,0,1,0,0,0,1,2
4560,0,1,1,1,0,0,0,2,0,0
4561,0,0,0,0,2,1,2,1,1,2
4562,1,1,0,0,0,0,0,2,0,0
4565,1,2,1,1,1,1,1,0,2,2
4566,1,0,1,1,1,0,1,1,1,2
4567,0,0,1,1,1,1,1,1,1,2
4570,1,1,0,0,1,1,1,1,2,2
4571,2,0,0,0,0,0,1,0,1,2
4576,0,1,0,0,1,1,1,0,1,2
4579,2,1,0,1,1,2,2,0,2,3
4580,1,1,2,2,1,1,0,0,0,2
4581,0,1,0,0,1,0,0,1,2,0
4582,0,0,0,0,0,0,0,2,1,0
4583,1,1,0,0,1,1,0,2,0,0
4584,0,1,0,0,0,0,0,2,1,0
4585,0,2,0,0,0,0,0,2,1,0
4586,1,1,0,0,0,0,0,2,0,0
4587,0,0,1,1,0,0,0,2,0,0
4592,0,2,0,0,0,1,2,0,1,2
4595,0,0,0,0,1,1,0,2,0,0
4597,1,0,0,0,1,0,0,1,0,0
4598,1,0,2,2,0,1,1,1,2,2
4600,0,1,0,1,1,1,0,1,1,0
4601,1,0,0,0,0,2,1,0,1,2
4602,0,2,1,1,0,0,0,2,0,0
4604,0,0,0,0,0,1,0,2,1,0
4606,1,0,0,0,1,0,0,2,0,0
4607,0,1,0,0,0,2,1,1,1,2
4609,0,0,0,1,1,1,1,0,1,2
4613,1,1,0,1,0,2,1,0,0,2
4615,1,2,2,2,2,1,1,1,1,2
4616,0,0,1,0,1,0,0,1,0,0
4617,1,0,2,2,1,1,1,0,1,2
4618,2,2,1,1,2,2,1,1,2,3
4619,1,0,1,1,0,1,0,2,1,0
4620,2,1,0,0,2,1,1,0,2,3
4622,0,0,0,0,0,0,0,1,0,0
4625,1,1,0,0,1,1,1,2,0,2
4626,0,0,0,0,1,0,0,2,1,0
4628,0,1,0,1,1,0,0,1,1,0
4631,1,2,0,0,0,0,0,1,1,0
4632,0,2,0,0,1,2,1,0,1,2
4634,1,0,0,0,0,0,0,1,0,0
4636,1,0,1,1,1,1,1,1,0,2
4637,1,1,1,1,1,0,0,2,0,0
4638,1,0,0,0,1,1,1,0,0,2
4639,2,1,0,1,2,2,2,0,2,3
4641,1,0,0,1,2,1,1,0,1,2
4643,0,0,0,1,0,1,1,0,1,2
4644,0,1,1,1,2,2,0,0,2,3
4646,1,1,2,2,1,1,2,0,1,3
4647,1,1,0,1,2,2,1,1,1,2
4649,1,1,0,0,0,0,1,2,1,0
4650,1,2,2,2,1,2,1,0,2,2
4651,0,0,0,0,0,0,0,2,0,0
4652,2,1,1,1,1,2,1,0,1,2
4654,1,1,0,0,1,0,0,2,0,0
4655,2,1,1,1,2,1,1,1,2,3
4656,0,0,0,0,0,0,0,2,1,0
4658,1,1,0,1,2,1,2,1,0,2
4665,1,2,0,1,1,1,1,2,0,2
4667,1,1,1,1,0,0,0,2,1,0
4668,1,0,0,0,1,1,1,0,1,2
4669,1,2,0,0,1,2,1,0,1,2
4670,1,2,0,0,1,1,0,0,2,2
4672,0,1,1,1,1,0,0,2,0,0
4673,1,1,0,0,1,2,2,0,2,3
4674,1,1,1,2,0,1,2,0,1,3
4676,0,0,0,0,1,0,0,1,0,0
4677,0,1,1,1,1,1,1,0,0,2
4679,1,0,0,0,1,2,1,0,1,3
4680,1,2,1,1,0,0,1,1,0,2
4681,0,1,0,0,1,0,0,2,1,0
4682,1,2,2,1,1,0,1,1,0,2
4684,2,2,0,1,1,0,1,1,1,2
4688,2,1,0,0,2,1,2,0,1,3
4689,0,2,1,1,1,0,1,0,0,2
4690,1,1,1,0,0,1,1,0,2,2
4693,1,1,0,0,0,0,1,0,0,2
4695,2,1,1,2,1,1,1,0,2,2
4696,0,0,0,0,0,0,1,1,2,0
4697,1,1,0,0,1,0,0,1,0,0
4698,2,1,1,1,2,2,2,0,2,3
4701,1,0,1,1,1,1,1,0,1,2
4702,1,1,2,2,1,1,1,0,2,2
4703,0,1,0,0,0,0,0,2,0,0
4704,2,1,0,0,1,0,1,0,0,2
4705,1,2,0,1,0,0,1,0,1,2
4708,0,1,1,1,2,1,1,0,2,2
4709,1,2,0,1,0,2,1,1,0,2
4710,1,1,1,1,2,1,2,0,2,2
4711,2,1,0,0,0,1,1,1,0,2
4715,0,0,0,0,1,0,0,2,0,0
4717,0,1,1,1,0,1,1,2,2,2
4718,1,1,0,0,2,0,1,0,1,3
4722,0,1,0,0,0,0,0,2,1,0
4724,1,2,0,1,2,1,1,0,1,2
4728,1,1,0,0,1,1,0,2,0,0
4730,0,0,0,0,1,0,0,2,1,0
4731,1,1,0,1,2,1,1,0,2,2
4736,2,1,0,0,1,2,2,1,2,1
4737,0,0,1,1,1,0,0,2,1,0
4739,0,0,0,0,0,0,1,2,1,0
4740,1,2,0,0,1,2,1,0,0,2
4744,1,1,0,0,0,1,0,2,0,0
4745,0,0,0,0,0,0,0,2,0,0
4746,2,0,0,0,0,0,1,0,1,2
4747,1,1,1,2,1,1,1,0,0,2
4750,1,1,0,0,2,2,2,1,2,2
4751,2,0,0,0,0,1,1,0,0,2
4752,0,1,0,0,2,0,1,2,0,2
4753,1,1,0,1,0,2,1,0,1,2
4754,0,0,1,1,1,0,1,1,1,2
4755,0,1,0,0,0,1,1,0,2,2
4761,1,0,1,1,0,0,0,2,1,0
4762,1,1,0,0,0,0,0,2,1,0
4765,1,2,0,1,1,0,2,1,1,3
4766,0,1,0,0,0,0,0,2,1,0
4767,0,1,0,0,1,0,0,2,1,0
4769,1,1,0,0,1,0,0,1,0,0
4771,1,1,2,2,1,1,1,0,2,2
4775,2,1,0,0,1,1,0,0,0,2
4778,0,0,0,0,1,0,0,2,0,0
4779,0,0,0,0,1,0,0,1,1,0
4780,0,1,0,0,1,0,0,2,0,0
4781,1,0,0,0,0,0,0,2,0,0
4784,0,1,1,1,0,0,0,2,0,0
4786,1,2,2,2,2,1,2,0,2,3
4788,0,0,0,0,0,0,0,2,0,0
4791,0,0,1,0,0,1,0,2,1,0
4792,0,2,0,0,1,0,0,2,0,0
4794,1,1,0,0,1,0,1,1,0,2
4797,1,0,0,0,0,1,1,0,1,2
4799,1,0,0,0,0,0,0,2,1,0
4802,1,1,2,2,2,0,1,0,0,2
4803,0,0,1,2,1,1,2,1,2,2
4806,1,2,1,1,2,1,2,0,1,3
4808,1,2,1,1,2,2,1,0,0,3
4811,0,1,0,0,2,1,1,1,1,2
4812,0,2,0,0,1,0,0,1,0,0
4818,1,0,1,2,0,2,1,0,2,3
4821,1,0,0,0,0,0,0,2,1,0
4822,0,0,0,0,2,1,1,0,1,2
4823,2,2,1,1,0,1,1,0,2,2
4826,1,2,0,0,0,0,0,2,1,0
4827,0,1,0,0,0,1,0,2,1,0
4830,1,1,1,1,0,1,0,0,1,2
4831,1,2,2,2,2,1,1,0,1,2
4834,0,0,0,0,1,1,0,1,0,0
4835,0,2,0,0,1,0,0,2,0,0
4836,1,0,0,1,0,1,1,0,2,2
4838,1,1,0,0,2,0,1,2,1,2
4839,0,0,0,0,1,1,0,1,0,2
4843,1,0,1,1,0,1,0,2,0,0
4844,0,1,0,0,1,1,2,1,1,2
4845,1,2,0,0,2,0,1,0,1,2
4846,0,0,1,1,0,0,0,2,0,0
4847,2,1,1,1,1,2,1,0,2,2
4849,1,0,0,1,0,1,1,2,0,2
4850,0,0,0,0,0,0,0,2,0,0
4853,1,0,1,1,1,1,0,2,2,2
4854,0,1,0,0,0,0,0,2,2,0
4855,2,1,0,0,1,2,2,1,2,3
4856,1,0,0,1,1,1,1,0,1,2
4859,1,1,1,1,0,1,1,2,1,2
4863,1,1,0,1,1,2,1,0,0,2
4864,1,1,0,0,1,1,2,0,0,3
4866,0,2,0,0,2,1,1,0,2,2
4867,2,1,0,1,2,1,1,0,2,2
4870,1,1,2,2,1,2,1,1,0,2
4871,1,2,1,1,0,1,1,0,2,2
4873,0,0,0,0,0,0,0,2,0,0
4874,0,1,1,1,0,1,2,0,2,2
4875,0,0,1,1,0,1,0,2,1,0
4876,0,0,0,0,0,0,0,2,0,0
4878,1,1,0,0,0,0,0,2,1,0
4879,1,1,2,2,1,1,2,0,1,3
4881,2,1,0,1,1,1,1,0,1,2
4884,0,1,0,0,0,1,0,2,1,0
4885,1,1,0,0,1,0,0,1,0,0
4887,1,1,1,1,1,1,2,1,2,3
4888,2,2,1,2,1,1,2,0,1,3
4889,1,2,0,0,2,1,1,1,0,2
4891,0,0,0,0,0,0,0,2,1,0
4894,1,1,0,0,1,1,1,0,1,2
4895,2,2,0,0,2,2,2,0,2,3
4897,1,1,0,0,1,0,0,2,1,0
4898,2,2,0,1,1,2,1,0,2,3
4903,1,2,2,2,2,2,2,1,1,3
4905,1,1,0,0,1,0,0,2,1,0
4908,1,0,2,2,2,1,1,1,2,2
4909,0,1,0,0,0,1,0,2,0,0
4910,2,1,0,0,0,1,1,2,0,2
4913,1,1,0,0,2,1,1,0,1,2
4914,1,0,0,0,2,1,1,0,0,2
4917,0,1,0,0,1,1,1,1,2,2
4920,2,0,0,1,1,1,1,0,0,2
4924,1,1,0,0,1,1,1,1,2,2
4927,2,2,0,0,1,1,1,0,1,2
4928,2,0,0,0,1,0,1,0,0,2
4929,1,1,0,0,0,0,0,2,1,0
4930,0,1,1,1,0,0,0,2,1,0
4931,0,1,0,0,0,0,0,2,1,0
4932,1,0,0,0,0,2,1,0,0,2
4933,0,0,0,0,2,0,1,1,1,2
4935,0,0,0,0,0,0,0,1,0,0
4940,1,0,0,0,0,1,1,1,2,2
4941,1,1,2,2,1,1,1,0,2,2
4946,1,1,0,1,1,2,1,0,1,2
4947,1,0,0,0,1,1,1,2,2,2
4948,0,1,0,0,1,0,0,2,0,0
4949,1,0,1,1,1,1,1,0,0,2
4950,1,2,1,1,1,1,1,0,2,3
4952,1,2,1,1,2,1,1,0,1,2
4953,1,0,2,2,1,1,1,0,2,2
4957,1,1,0,0,1,2,1,0,0,2
4959,1,1,0,0,1,1,1,0,0,2
4962,1,0,0,0,1,1,0,1,0,2
4963,2,1,0,0,1,1,1,0,0,2
4964,1,0,0,1,1,1,2,1,2,2
4965,2,2,0,0,2,1,1,1,2,2
4966,1,2,0,0,1,1,1,0,0,2
4968,1,2,0,1,0,2,2,0,0,2
4969,0,1,0,0,0,1,0,2,0,0
4970,1,0,0,0,2,1,1,0,1,2
4971,0,2,1,1,2,1,1,0,2,3
4972,1,2,0,0,2,1,0,0,2,2
4973,1,0,0,0,2,1,2,0,2,3
4974,1,0,0,0,1,0,0,2,1,0
4975,1,1,1,1,2,0,2,0,1,3
4977,0,1,0,0,0,1,0,1,1,0
4980,0,0,0,0,0,0,0,2,0,0
4983,1,0,1,1,2,2,1,1,2,2
4984,1,1,0,0,1,1,0,2,0,0
4985,1,1,0,0,1,1,1,0,1,2
4991,1,2,1,1,1,0,0,1,2,2
4992,1,0,0,0,1,0,0,2,1,0
4993,2,1,1,2,0,1,1,1,1,2
4997,0,2,0,0,2,1,1,1,0,2
